1,"Toy Story"
2,"Jumanji"
3,"Grumpier Old Men"
4,"Waiting to Exhale"
5,"Father of the Bride Part II"
6,"Heat"
7,"Sabrina"
8,"Tom and Huck"
9,"Sudden Death"
10,"GoldenEye"
11,"American President, The"
12,"Dracula: Dead and Loving It"
13,"Balto"
14,"Nixon"
15,"Cutthroat Island"
16,"Casino"
17,"Sense and Sensibility"
18,"Four Rooms"
19,"Ace Ventura: When Nature Calls"
20,"Money Train"
21,"Get Shorty"
22,"Copycat"
23,"Assassins"
24,"Powder"
25,"Leaving Las Vegas"
26,"Othello"
27,"Now and Then"
28,"Persuasion"
29,"City of Lost Children, The"
30,"Shanghai Triad"
31,"Dangerous Minds"
32,"Twelve Monkeys"
33,"Wings of Courage"
34,"Babe"
35,"Carrington"
36,"Dead Man Walking"
37,"Across the Sea of Time"
38,"It Takes Two"
39,"Clueless"
40,"Cry, the Beloved Country"
41,"Richard III"
42,"Dead Presidents"
43,"Restoration"
44,"Mortal Kombat"
45,"To Die For"
46,"How to Make an American Quilt"
47,"Seven"
48,"Pocahontas"
49,"When Night Is Falling"
50,"Usual Suspects, The"
51,"Mighty Aphrodite"
52,"Lamerica"
53,"Big Green, The"
54,"Georgia"
55,"Kids of the Round Table"
56,"Home for the Holidays"
57,"Postino, Il"
58,"Confessional, The"
59,"Indian in the Cupboard, The"
60,"Eye for an Eye"
61,"Mr. Holland's Opus"
62,"Don't Be a Menace to South Central While Drinking Your Juice in the Hood"
63,"Two if by Sea"
64,"Bio-Dome"
65,"Lawnmower Man 2: Beyond Cyberspace"
66,"Two Bits"
67,"French Twist"
68,"Friday"
69,"From Dusk Till Dawn"
70,"Fair Game"
71,"Kicking and Screaming"
72,"MisÃ©rables, Les"
73,"Bed of Roses"
74,"Big Bully"
75,"Screamers"
76,"Nico Icon"
77,"Crossing Guard, The"
78,"Juror, The"
79,"White Balloon, The"
80,"Things to Do in Denver when You're Dead"
81,"Antonia's Line"
82,"Once Upon a Time... When We Were Colored"
83,"Last Summer in the Hamptons"
84,"Angels and Insects"
85,"White Squall"
86,"Dunston Checks In"
87,"Black Sheep"
88,"Nick of Time"
89,"Journey of August King, The"
90,"Mary Reilly"
91,"Vampire in Brooklyn"
92,"Beautiful Girls"
93,"Broken Arrow"
94,"In the Bleak Midwinter"
95,"Hate"
96,"Shopping"
97,"Heidi Fleiss: Hollywood Madam"
98,"City Hall"
99,"Bottle Rocket"
100,"Mr. Wrong"
101,"Unforgettable"
102,"Happy Gilmore"
103,"Bridges of Madison County, The"
104,"Nobody Loves Me"
105,"Muppet Treasure Island"
106,"Catwalk"
107,"Braveheart"
108,"Taxi Driver"
109,"Rumble in the Bronx"
110,"Before and After"
111,"Margaret's Museum"
112,"Anne Frank Remembered"
113,"Young Poisoner's Handbook, The"
114,"If Lucy Fell"
115,"Steal Big, Steal Little"
116,"Race the Sun"
117,"Boys of St. Vincent, The"
118,"Boomerang"
119,"Chungking Express"
120,"Star Maker, The"
121,"Flirting With Disaster"
122,"NeverEnding Story III, The"
123,"Silence of the Palace, The"
124,"Jupiter's Wife"
125,"Pie in the Sky"
126,"Angela"
127,"Frankie Starlight"
128,"Jade"
129,"Nueba Yol"
130,"Sonic Outlaws"
131,"Down Periscope"
132,"From the Journals of Jean Seberg"
133,"Man of the Year"
134,"Neon Bible, The"
135,"Target"
136,"Up Close and Personal"
137,"Birdcage, The"
138,"Shadows"
139,"Brothers McMullen, The"
140,"Bad Boys"
141,"Amazing Panda Adventure, The"
142,"Basketball Diaries, The"
143,"Awfully Big Adventure, An"
144,"Amateur"
145,"Apollo 13"
146,"Rob Roy"
147,"Addiction, The"
148,"Batman Forever"
149,"Belle de jour"
150,"Beyond Rangoon"
151,"Blue in the Face"
152,"Canadian Bacon"
153,"Casper"
154,"Clockers"
155,"Congo"
156,"Crimson Tide"
157,"Crumb"
158,"Desperado"
159,"Devil in a Blue Dress"
160,"Die Hard: With a Vengeance"
161,"Doom Generation, The"
162,"Feast of July"
163,"First Knight"
164,"Free Willy 2: The Adventure Home"
165,"Hackers"
166,"Jeffrey"
167,"Johnny Mnemonic"
168,"Judge Dredd"
169,"Jury Duty"
170,"Kids"
171,"Living in Oblivion"
172,"Lord of Illusions"
173,"Love & Human Remains"
174,"Mad Love"
175,"Mallrats"
176,"Mighty Morphin Power Rangers: The Movie"
177,"Moonlight and Valentino"
178,"Mute Witness"
179,"Nadja"
180,"Net, The"
181,"Nine Months"
182,"Party Girl"
183,"Prophecy, The"
184,"Reckless"
185,"Safe"
186,"Scarlet Letter, The"
187,"Show, The"
188,"Showgirls"
189,"Smoke"
190,"Something to Talk About"
191,"Species"
192,"Stars Fell on Henrietta, The"
193,"Strange Days"
194,"Umbrellas of Cherbourg, The"
195,"Tie That Binds, The"
196,"Three Wishes"
197,"Total Eclipse"
198,"To Wong Foo, Thanks for Everything! Julie Newmar"
199,"Under Siege 2: Dark Territory"
200,"Unstrung Heroes"
201,"Unzipped"
202,"Walk in the Clouds, A"
203,"Waterworld"
204,"White Man's Burden"
205,"Wild Bill"
206,"Browning Version, The"
207,"Bushwhacked"
208,"Burnt By the Sun"
209,"Before the Rain"
210,"Before Sunrise"
211,"Billy Madison"
212,"Babysitter, The"
213,"Boys on the Side"
214,"Cure, The"
215,"Castle Freak"
216,"Circle of Friends"
217,"Clerks"
218,"Don Juan DeMarco"
219,"Disclosure"
220,"Dream Man"
221,"Drop Zone"
222,"Destiny Turns on the Radio"
223,"Death and the Maiden"
224,"Dolores Claiborne"
225,"Dumb & Dumber"
226,"Eat Drink Man Woman"
227,"Exotica"
228,"Exit to Eden"
229,"Ed Wood"
230,"French Kiss"
231,"Forget Paris"
232,"Far From Home: The Adventures of Yellow Dog"
233,"Goofy Movie, A"
234,"Hideaway"
235,"Fluke"
236,"Farinelli: il castrato"
237,"Gordy"
238,"Gumby: The Movie"
239,"Glass Shield, The"
240,"Hoop Dreams"
241,"Heavenly Creatures"
242,"Houseguest"
243,"Immortal Beloved"
244,"Heavyweights"
245,"Hunted, The"
246,"I.Q."
247,"Interview with the Vampire"
248,"Jefferson in Paris"
249,"Jerky Boys, The"
250,"Junior"
251,"Just Cause"
252,"Kid in King Arthur's Court, A"
253,"Kiss of Death"
254,"Star Wars: Episode IV - A New Hope"
255,"Little Women"
256,"Little Princess, A"
257,"Ladybird Ladybird"
258,"Enfer, L'"
259,"Like Water for Chocolate"
260,"Legends of the Fall"
261,"Major Payne"
262,"Little Odessa"
263,"My Crazy Life"
264,"Love Affair"
265,"Losing Isaiah"
266,"Madness of King George, The"
267,"Mary Shelley's Frankenstein"
268,"Man of the House"
269,"Mixed Nuts"
270,"Milk Money"
271,"Miracle on 34th Street"
272,"Miami Rhapsody"
273,"My Family"
274,"Murder in the First"
275,"Nobody's Fool"
276,"Nell"
277,"New Jersey Drive"
278,"Nemesis 2: Nebula"
279,"Nina Takes a Lover"
280,"Natural Born Killers"
281,"Only You"
282,"Once Were Warriors"
283,"Poison Ivy II"
284,"Outbreak"
285,"Professional, The"
286,"Perez Family, The"
287,"Pyromaniac's Love Story, A"
288,"Pulp Fiction"
289,"Panther"
290,"Pushing Hands"
291,"Priest"
292,"Quiz Show"
293,"Picture Bride"
294,"Queen Margot"
295,"Quick and the Dead, The"
296,"Roommates"
297,"Ready to Wear"
298,"Three Colors: Red"
299,"Three Colors: Blue"
300,"Three Colors: White"
301,"Red Firecracker, Green Firecracker"
302,"Rent-a-Kid"
303,"Relative Fear"
304,"Stuart Saves His Family"
305,"Swan Princess, The"
306,"Secret of Roan Inish, The"
307,"Specialist, The"
308,"Stargate"
309,"Santa Clause, The"
310,"Shawshank Redemption, The"
311,"Shallow Grave"
312,"Suture"
313,"Strawberry and Chocolate"
314,"Swimming with Sharks"
315,"Sum of Us, The"
316,"National Lampoon's Senior Trip"
317,"To Live"
318,"Tank Girl"
319,"Tales From the Crypt Presents: Demon Knight"
320,"Star Trek: Generations"
321,"Tales from the Hood"
322,"Tom & Viv"
323,"Village of the Damned"
324,"Tommy Boy"
325,"Vanya on 42nd Street"
326,"Underneath, The"
327,"Walking Dead, The"
328,"What's Eating Gilbert Grape"
329,"Virtuosity"
330,"While You Were Sleeping"
331,"War, The"
332,"Double Happiness"
333,"Muriel's Wedding"
334,"Baby-Sitters Club, The"
335,"Ace Ventura: Pet Detective"
336,"Adventures of Priscilla, Queen of the Desert, The"
337,"Backbeat"
338,"Bitter Moon"
339,"Bullets Over Broadway"
340,"Clear and Present Danger"
341,"Client, The"
342,"Corrina, Corrina"
343,"Crooklyn"
344,"Crow, The"
345,"Cobb"
346,"Flintstones, The"
347,"Forrest Gump"
348,"Four Weddings and a Funeral"
349,"Higher Learning"
350,"I Like It Like That"
351,"I Love Trouble"
352,"It Could Happen to You"
353,"Jungle Book, The"
354,"Wonderful, Horrible Life of Leni Riefenstahl, The"
355,"Lion King, The"
356,"Little Buddha"
357,"Wes Craven's New Nightmare"
358,"Mask, The"
359,"Maverick"
360,"Mrs. Parker and the Vicious Circle"
361,"Naked Gun 33 1/3: The Final Insult"
362,"Paper, The"
363,"Reality Bites"
364,"Red Rock West"
365,"Richie Rich"
366,"Safe Passage"
367,"River Wild, The"
368,"Speed"
369,"Speechless"
370,"Timecop"
371,"True Lies"
372,"When a Man Loves a Woman"
373,"Wolf"
374,"Wyatt Earp"
375,"Bad Company"
376,"Man of No Importance, A"
377,"S.F.W."
378,"Low Down Dirty Shame, A"
379,"Boys Life"
380,"Colonel Chabert, Le"
381,"Faster Pussycat! Kill! Kill!"
382,"Jason's Lyric"
383,"Secret Adventures of Tom Thumb, The"
384,"Street Fighter"
385,"Coldblooded"
386,"Fall Time"
387,"Fear, The"
388,"Frank and Ollie"
389,"Mirage"
390,"Open Season"
391,"Brother Minister: The Assassination of Malcolm X"
392,"Highlander III: The Sorcerer"
393,"Federal Hill"
394,"In the Mouth of Madness"
395,"8 Seconds"
396,"Above the Rim"
397,"Addams Family Values"
398,"You So Crazy"
399,"Age of Innocence, The"
400,"Airheads"
401,"Air Up There, The"
402,"Another Stakeout"
403,"Bad Girls"
404,"Barcelona"
405,"Being Human"
406,"Beverly Hillbillies, The"
407,"Beverly Hills Cop III"
408,"Black Beauty"
409,"Blink"
410,"Blown Away"
411,"Blue Chips"
412,"Blue Sky"
413,"Body Snatchers"
414,"Boxing Helena"
415,"Bronx Tale, A"
416,"Cabin Boy"
417,"Calendar Girl"
418,"Carlito's Way"
419,"City Slickers II: The Legend of Curly's Gold"
420,"Clean Slate"
421,"Cliffhanger"
422,"Coneheads"
423,"Color of Night"
424,"Cops and Robbersons"
425,"Cowboy Way, The"
426,"Dangerous Game"
427,"Dave"
428,"Dazed and Confused"
429,"Demolition Man"
430,"Endless Summer 2, The"
431,"Even Cowgirls Get the Blues"
432,"Fatal Instinct"
433,"Farewell My Concubine"
434,"Favor, The"
435,"Fearless"
436,"Fear of a Black Hat"
437,"With Honors"
438,"Flesh and Bone"
439,"Widows' Peak"
440,"For Love or Money"
441,"Firm, The"
442,"Free Willy"
443,"Fresh"
444,"Fugitive, The"
445,"Geronimo: An American Legend"
446,"Getaway, The"
447,"Getting Even with Dad"
448,"Go Fish"
449,"Good Man in Africa, A"
450,"Guilty as Sin"
451,"Hard Target"
452,"Heaven & Earth"
453,"Hot Shots! Part Deux"
454,"Live Nude Girls"
455,"Englishman Who Went Up a Hill, But Came Down a Mountain, The"
456,"House of the Spirits, The"
457,"House Party 3"
458,"Hudsucker Proxy, The"
459,"I'll Do Anything"
460,"In the Army Now"
461,"In the Line of Fire"
462,"In the Name of the Father"
463,"Inkwell, The"
464,"What's Love Got to Do with It?"
465,"Jimmy Hollywood"
466,"Judgment Night"
467,"Jurassic Park"
468,"Kalifornia"
469,"Killing Zoe"
470,"King of the Hill"
471,"Lassie"
472,"Last Action Hero"
473,"Life with Mikey"
474,"Lightning Jack"
475,"M. Butterfly"
476,"Made in America"
477,"Malice"
478,"Man Without a Face, The"
479,"Manhattan Murder Mystery"
480,"Menace II Society"
481,"Executive Decision"
482,"In the Realm of the Senses"
483,"What Happened Was..."
484,"Much Ado About Nothing"
485,"Mr. Jones"
486,"Mr. Wonderful"
487,"Mrs. Doubtfire"
488,"Naked"
489,"Next Karate Kid, The"
490,"New Age, The"
491,"No Escape"
492,"North"
493,"Orlando"
494,"Perfect World, A"
495,"Philadelphia"
496,"Piano, The"
497,"Poetic Justice"
498,"Program, The"
499,"Robert A. Heinlein's The Puppet Masters"
500,"Radioland Murders"
501,"Ref, The"
502,"Remains of the Day, The"
503,"Renaissance Man"
504,"Rising Sun"
505,"Road to Wellville, The"
506,"Robocop 3"
507,"Robin Hood: Men in Tights"
508,"Romeo Is Bleeding"
509,"Romper Stomper"
510,"Ruby in Paradise"
511,"Rudy"
512,"Saint of Fort Washington, The"
513,"Savage Nights"
514,"Schindler's List"
515,"Scout, The"
516,"Searching for Bobby Fischer"
517,"Second Best"
518,"Secret Garden, The"
519,"Serial Mom"
520,"Shadow, The"
521,"Shadowlands"
522,"Short Cuts"
523,"Simple Twist of Fate, A"
524,"Sirens"
525,"Six Degrees of Separation"
526,"Sleepless in Seattle"
527,"Sliver"
528,"Blade Runner"
529,"Son in Law"
530,"So I Married an Axe Murderer"
531,"Striking Distance"
532,"Harlem"
533,"Super Mario Bros."
534,"Surviving the Game"
535,"Terminal Velocity"
536,"Thirty-Two Short Films About Glenn Gould"
537,"Threesome"
538,"Nightmare Before Christmas, The"
539,"Three Musketeers, The"
540,"Tombstone"
541,"Trial by Jury"
542,"True Romance"
543,"War Room, The"
544,"Mamma Roma"
545,"Pagemaster, The"
546,"Paris, France"
547,"Beans of Egypt, Maine, The"
548,"Killer"
549,"Welcome to the Dollhouse"
550,"Germinal"
551,"Chasers"
552,"Cronos"
553,"Naked in New York"
554,"Kika"
555,"Bhaji on the Beach"
556,"Little Big League"
557,"Slingshot, The"
558,"Wedding Gift, The"
559,"Foreign Student"
560,"Ciao, Professore!"
561,"Spanking the Monkey"
562,"Little Rascals, The"
563,"Fausto"
564,"Andre"
565,"Hour of the Pig, The"
566,"Scorta, La"
567,"Princess Caraboo"
568,"Celluloid Closet, The"
569,"Metisse"
570,"Dear Diary"
571,"I Don't Want to Talk About It"
572,"Brady Bunch Movie, The"
573,"Home Alone"
574,"Ghost"
575,"Aladdin"
576,"Terminator 2: Judgment Day"
577,"Dances with Wolves"
578,"Tough and Deadly"
579,"Batman"
580,"Silence of the Lambs, The"
581,"Snow White and the Seven Dwarfs"
582,"Beauty and the Beast"
583,"Pinocchio"
584,"Pretty Woman"
585,"Window to Paris"
586,"Wild Bunch, The"
587,"Love and a .45"
588,"Wooden Man's Bride, The"
589,"Great Day in Harlem, A"
590,"Bye Bye, Love"
591,"One Fine Day"
592,"Candyman: Farewell to the Flesh"
593,"Century"
594,"Fargo"
595,"Homeward Bound II: Lost in San Francisco"
596,"Heavy Metal"
597,"Hellraiser: Bloodline"
598,"Pallbearer, The"
599,"Jane Eyre"
600,"Loaded"
601,"Bread and Chocolate"
602,"Aristocats, The"
603,"Flower of My Secret, The"
604,"Two Much"
605,"Ed"
606,"My Favorite Season"
607,"Modern Affair, A"
608,"Condition Red"
609,"Thin Line Between Love and Hate, A"
610,"Last Supper, The"
611,"Primal Fear"
612,"Carried Away"
613,"All Dogs Go to Heaven 2"
614,"Land and Freedom"
615,"Denise Calls Up"
616,"Theodore Rex"
617,"Family Thing, A"
618,"Sgt. Bilko"
619,"Jack and Sarah"
620,"Girl 6"
621,"Diabolique"
622,"Little Indian, Big City"
623,"Roula"
624,"Peanuts - Die Bank zahlt alles"
625,"Happy Weekend"
626,"Nelly & Monsieur Arnaud"
627,"Courage Under Fire"
628,"Mission: Impossible"
629,"Cold Fever"
630,"Moll Flanders"
631,"Superweib, Das"
632,"301, 302"
633,"Dragonheart"
634,"Mutters Courage"
635,"Eddie"
636,"Yankee Zulu"
637,"Billy's Holiday"
638,"Purple Noon"
639,"August"
640,"James and the Giant Peach"
641,"Fear"
642,"Kids in the Hall: Brain Candy"
643,"Faithful"
644,"Underground"
645,"All Things Fair"
646,"Bloodsport 2"
647,"Pather Panchali"
648,"Aparajito"
649,"World of Apu, The"
650,"Mystery Science Theater 3000: The Movie"
651,"Tarantella"
652,"Space Jam"
653,"Barbarella"
654,"Some Folks Call It a Sling Blade"
655,"Run of the Country, The"
656,"Alphaville"
657,"Clean Slate"
658,"Tigrero: A Film That Was Never Made"
659,"Windows"
660,"It's My Party"
661,"Country Life"
662,"Operation Dumbo Drop"
663,"Promise, The"
664,"Mrs. Winterbourne"
665,"Solo"
666,"Substitute, The"
667,"True Crime"
668,"Butterfly Kiss"
669,"Feeling Minnesota"
670,"Delta of Venus"
671,"Angus"
672,"Daens"
673,"Faces"
674,"Boys"
675,"Quest, The"
676,"Cosi"
677,"Sunset Park"
678,"Mulholland Falls"
679,"Truth About Cats & Dogs, The"
680,"Oliver & Company"
681,"Celtic Pride"
682,"Flipper"
683,"Captives"
684,"Dead Man"
685,"Horseman on the Roof, The"
686,"Switchblade Sisters"
687,"Mouth to Mouth"
688,"Visitors, The"
689,"Multiplicity"
690,"Wallace & Gromit: The Best of Aardman Animation"
691,"Haunted World of Edward D. Wood Jr., The"
692,"Craft, The"
693,"Great White Hype, The"
694,"Last Dance"
695,"Cold Comfort Farm"
696,"Institute Benjamenta, or This Dream People Call Human Life"
697,"Low Life, The"
698,"Heaven's Prisoners"
699,"Original Gangstas"
700,"Rock, The"
701,"Getting Away With Murder"
702,"Cemetery Man"
703,"Twister"
704,"Barb Wire"
705,"Ghost in the Shell"
706,"Thinner"
707,"Spy Hard"
708,"Brothers in Trouble"
709,"Close Shave, A"
710,"Force of Evil"
711,"Stupids, The"
712,"Arrival, The"
713,"Man from Down Under, The"
714,"Dr. Strangelove or: How I Learned to Stop Worrying and Love the Bomb"
715,"Careful"
716,"Month by the Lake, A"
717,"Gold Diggers: The Secret of Bear Mountain"
718,"Kim"
719,"Carmen Miranda: Bananas Is My Business"
720,"Ashes of Time"
721,"Jar, The"
722,"Maya Lin: A Strong Clear Vision"
723,"Stalingrad"
724,"Phantom, The"
725,"Striptease"
726,"Last of the High Kings, The"
727,"Heavy"
728,"Jack"
729,"I Shot Andy Warhol"
730,"Grass Harp, The"
731,"Marlene Dietrich: Shadow and Light"
732,"Vie est belle, La"
733,"Wend Kuuni"
734,"Spirits of the Dead"
735,"Babyfever"
736,"Trainspotting"
737,"'Til There Was You"
738,"Independence Day"
739,"Stealing Beauty"
740,"Fan, The"
741,"Hunchback of Notre Dame, The"
742,"Cable Guy, The"
743,"Kingpin"
744,"Eraser"
745,"Gate of Heavenly Peace, The"
746,"Nutty Professor, The"
747,"I, Worst of All"
748,"An Unforgettable Summer"
749,"Last Klezmer: Leopold Kozlowski, His Life and Music, The"
750,"Hungarian Fairy Tale, A"
751,"My Life and Times With Antonin Artaud"
752,"Very Natural Thing, A"
753,"Daylight"
754,"Frighteners, The"
755,"Lone Star"
756,"Harriet the Spy"
757,"Phenomenon"
758,"Walking and Talking"
759,"She's the One"
760,"Time to Kill, A"
761,"American Buffalo"
762,"Rendezvous in Paris"
763,"Alaska"
764,"Fled"
765,"Kazaam"
766,"Bewegte Mann, Der"
767,"Larger Than Life"
768,"Boy Called Hate, A"
769,"Power 98"
770,"Very Brady Sequel, A"
771,"Death in the Garden"
772,"Crude Oasis, The"
773,"Collectionneuse, La"
774,"Kaspar Hauser"
775,"Diebinnen"
776,"Convent, The"
777,"Adventures of Pinocchio, The"
778,"Joe's Apartment"
779,"First Wives Club, The"
780,"Stonewall"
781,"Ransom"
782,"High School High"
783,"Phat Beach"
784,"Foxfire"
785,"Chain Reaction"
786,"Matilda"
787,"Emma"
788,"Crow: City of Angels, The"
789,"House Arrest"
790,"Eyes Without a Face"
791,"Tales from the Crypt Presents: Bordello of Blood"
792,"Lotto Land"
793,"Story of Xinghua, The"
794,"Flirt"
795,"Big Squeeze, The"
796,"Spitfire Grill, The"
797,"Escape from L.A."
798,"Cyclo"
799,"Basquiat"
800,"Tin Cup"
801,"Dingo"
802,"Ballad of Narayama, The"
803,"Godfather, The"
804,"Hippie Revolution, The"
805,"Maybe, Maybe Not"
806,"Supercop"
807,"Manny & Lo"
808,"Celestial Clockwork"
809,"Wife, The"
810,"Small Faces"
811,"Bound"
812,"Carpool"
813,"Death in Brunswick"
814,"Kansas City"
815,"Gone Fishin'"
816,"Aiqing wansui"
817,"Killer: A Journal of Murder"
818,"Nothing to Lose"
819,"Police Story 4: Project S"
820,"Girls Town"
821,"Bye-Bye"
822,"Relic, The"
823,"Island of Dr. Moreau, The"
824,"First Kid"
825,"Trigger Effect, The"
826,"Sweet Nothing"
827,"Bogus"
828,"Bulletproof"
829,"Talk of Angels"
830,"Land Before Time III: The Time of the Great Giving"
831,"1-900"
832,"Halloween: The Curse of Michael Myers"
833,"Twelfth Night"
834,"Mother Night"
835,"Venice/Venice"
836,"Wild Reeds"
837,"For Whom the Bell Tolls"
838,"Philadelphia Story, The"
839,"Singin' in the Rain"
840,"American in Paris, An"
841,"Funny Face"
842,"Breakfast at Tiffany's"
843,"Vertigo"
844,"Rear Window"
845,"It Happened One Night"
846,"Gaslight"
847,"Gay Divorcee, The"
848,"North by Northwest"
849,"Apartment, The"
850,"Some Like It Hot"
851,"Charade"
852,"Casablanca"
853,"Maltese Falcon, The"
854,"My Fair Lady"
855,"Sabrina"
856,"Roman Holiday"
857,"Little Princess, The"
858,"Meet Me in St. Louis"
859,"Wizard of Oz, The"
860,"Gone with the Wind"
861,"My Favorite Year"
862,"Sunset Blvd."
863,"Citizen Kane"
864,"2001: A Space Odyssey"
865,"Golden Earrings"
866,"All About Eve"
867,"Women, The"
868,"Rebecca"
869,"Foreign Correspondent"
870,"Notorious"
871,"Spellbound"
872,"Affair to Remember, An"
873,"To Catch a Thief"
874,"Father of the Bride"
875,"Band Wagon, The"
876,"Ninotchka"
877,"Love in the Afternoon"
878,"Gigi"
879,"Reluctant Debutante, The"
880,"Adventures of Robin Hood, The"
881,"Mark of Zorro, The"
882,"Laura"
883,"Ghost and Mrs. Muir, The"
884,"Lost Horizon"
885,"Top Hat"
886,"To Be or Not to Be"
887,"My Man Godfrey"
888,"Giant"
889,"East of Eden"
890,"Thin Man, The"
891,"His Girl Friday"
892,"Around the World in 80 Days"
893,"It's a Wonderful Life"
894,"Mr. Smith Goes to Washington"
895,"Bringing Up Baby"
896,"Penny Serenade"
897,"Scarlet Letter, The"
898,"Lady of Burlesque"
899,"Of Human Bondage"
900,"Angel on My Shoulder"
901,"Little Lord Fauntleroy"
902,"They Made Me a Criminal"
903,"Inspector General, The"
904,"Angel and the Badman"
905,"39 Steps, The"
906,"Walk in the Sun, A"
907,"Outlaw, The"
908,"Night of the Living Dead"
909,"African Queen, The"
910,"Beat the Devil"
911,"Cat on a Hot Tin Roof"
912,"Last Time I Saw Paris, The"
913,"Meet John Doe"
914,"Algiers"
915,"Something to Sing About"
916,"Farewell to Arms, A"
917,"Moonlight Murder"
918,"Blue Angel, The"
919,"In the Line of Duty 2"
920,"Dangerous Ground"
921,"Picnic"
922,"Pompatus of Love, The"
923,"Small Wonders"
924,"Fly Away Home"
925,"Bliss"
926,"Grace of My Heart"
927,"Schlafes Bruder"
928,"Maximum Risk"
929,"Michael Collins"
930,"Rich Man's Wife, The"
931,"Infinity"
932,"Big Night"
933,"Last Man Standing"
934,"Caught"
935,"Set It Off"
936,"2 Days in the Valley"
937,"Curdled"
938,"Ed's Next Move"
939,"Extreme Measures"
940,"Glimmer Man, The"
941,"D3: The Mighty Ducks"
942,"Chamber, The"
943,"Apple Dumpling Gang, The"
944,"Davy Crockett, King of the Wild Frontier"
945,"Escape to Witch Mountain"
946,"Love Bug, The"
947,"Herbie Rides Again"
948,"Old Yeller"
949,"Parent Trap, The"
950,"Pollyanna"
951,"Homeward Bound: The Incredible Journey"
952,"Shaggy Dog, The"
953,"Swiss Family Robinson"
954,"That Darn Cat!"
955,"20,000 Leagues Under the Sea"
956,"Cool Runnings"
957,"Angels in the Outfield"
958,"Cinderella"
959,"Winnie the Pooh and the Blustery Day"
960,"Three Caballeros, The"
961,"Sword in the Stone, The"
962,"So Dear to My Heart"
963,"Robin Hood: Prince of Thieves"
964,"Mary Poppins"
965,"Dumbo"
966,"Pete's Dragon"
967,"Bedknobs and Broomsticks"
968,"Alice in Wonderland"
969,"Fox and the Hound, The"
970,"Freeway"
971,"Sound of Music, The"
972,"Die Hard"
973,"Lawnmower Man, The"
974,"Unhook the Stars"
975,"Synthetic Pleasures"
976,"Secret Agent, The"
977,"Secrets & Lies"
978,"That Thing You Do!"
979,"To Gillian on Her 37th Birthday"
980,"Surviving Picasso"
981,"Beautiful Thing"
982,"Long Kiss Goodnight, The"
983,"Ghost and the Darkness, The"
984,"Looking for Richard"
985,"Trees Lounge"
986,"Normal Life"
987,"Get on the Bus"
988,"Shadow Conspiracy"
989,"Jude"
990,"Everyone Says I Love You"
991,"Bitter Sugar"
992,"William Shakespeare's Romeo and Juliet"
993,"Swingers"
994,"Sleepers"
995,"Sunchaser, The"
996,"Johns"
997,"Aladdin and the King of Thieves"
998,"Shall We Dance?"
999,"Damsel in Distress, A"
1000,"Crossfire"
1001,"Murder, My Sweet"
1002,"Macao"
1003,"For the Moment"
1004,"Willy Wonka and the Chocolate Factory"
1005,"Innocents, The"
1006,"Sleeper"
1007,"Bananas"
1008,"Fish Called Wanda, A"
1009,"Monty Python's Life of Brian"
1010,"Victor/Victoria"
1011,"Candidate, The"
1012,"Great Race, The"
1013,"Bonnie and Clyde"
1014,"Old Man and the Sea, The"
1015,"Dial M for Murder"
1016,"Madame Butterfly"
1017,"Dirty Dancing"
1018,"Reservoir Dogs"
1019,"Platoon"
1020,"Weekend at Bernie's"
1021,"Basic Instinct"
1022,"Doors, The"
1023,"Crying Game, The"
1024,"Glengarry Glen Ross"
1025,"Sophie's Choice"
1026,"E.T. the Extra-Terrestrial"
1027,"Search for One-eye Jimmy, The"
1028,"Christmas Carol, A"
1029,"Days of Thunder"
1030,"Top Gun"
1031,"American Strays"
1032,"Rebel Without a Cause"
1033,"Streetcar Named Desire, A"
1034,"Children of the Corn IV: The Gathering"
1035,"Loser"
1036,"Microcosmos"
1037,"Palookaville"
1038,"Associate, The"
1039,"Funeral, The"
1040,"Sleepover"
1041,"Single Girl, A"
1042,"Eighth Day, The"
1043,"Tashunga"
1044,"Drunks"
1045,"People vs. Larry Flynt, The"
1046,"Glory Daze"
1047,"Perfect Candidate, A"
1048,"On Golden Pond"
1049,"Return of the Pink Panther, The"
1050,"Drop Dead Fred"
1051,"Abyss, The"
1052,"Fog, The"
1053,"Escape from New York"
1054,"Howling, The"
1055,"Jean de Florette"
1056,"Manon of the Spring"
1057,"Talking About Sex"
1058,"Johnny 100 Pesos"
1059,"Private Benjamin"
1060,"Monty Python and the Holy Grail"
1061,"Dadetown"
1062,"Everything Relative"
1063,"Get Over It"
1064,"Line King: Al Hirschfeld, The"
1065,"Snowriders"
1066,"When We Were Kings"
1067,"Wrong Trousers, The"
1068,"JLG/JLG - autoportrait de dÃ©cembre"
1069,"Return of Martin Guerre, The"
1070,"Faust"
1071,"He Walked by Night"
1072,"Raw Deal"
1073,"T-Men"
1074,"Six of a Kind"
1075,"Tin Drum, The"
1076,"Ruling Class, The"
1077,"Mina Tannenbaum"
1078,"Two or Three Things I Know About Her"
1079,"Bloody Child, The"
1080,"Dear God"
1081,"Bad Moon"
1082,"American Dream"
1083,"Best of the Best 3: No Turning Back"
1084,"Bob Roberts"
1085,"Cinema Paradiso"
1086,"Cook the Thief His Wife & Her Lover, The"
1087,"Grosse Fatigue"
1088,"Delicatessen"
1089,"Double Life of Veronique, The"
1090,"Enchanted April"
1091,"Paths of Glory"
1092,"Grifters, The"
1093,"Hear My Song"
1094,"Shooter, The"
1095,"English Patient, The"
1096,"Mediterraneo"
1097,"My Left Foot"
1098,"Sex, Lies, and Videotape"
1099,"Passion Fish"
1100,"Strictly Ballroom"
1101,"Thin Blue Line, The"
1102,"Tie Me Up! Tie Me Down!"
1103,"Madonna: Truth or Dare"
1104,"Paris Is Burning"
1105,"One Flew Over the Cuckoo's Nest"
1106,"Up in Smoke"
1107,"Star Wars: Episode V - The Empire Strikes Back"
1108,"Princess Bride, The"
1109,"Raiders of the Lost Ark"
1110,"Brazil"
1111,"Aliens"
1112,"Good, The Bad and The Ugly, The"
1113,"Withnail and I"
1114,"12 Angry Men"
1115,"Lawrence of Arabia"
1116,"Transformers: The Movie, The"
1117,"Clockwork Orange, A"
1118,"To Kill a Mockingbird"
1119,"Apocalypse Now"
1120,"Once Upon a Time in the West"
1121,"Star Wars: Episode VI - Return of the Jedi"
1122,"Wings of Desire"
1123,"Third Man, The"
1124,"GoodFellas"
1125,"Alien"
1126,"Army of Darkness"
1127,"Big Blue, The"
1128,"Ran"
1129,"Killer, The"
1130,"Psycho"
1131,"Blues Brothers, The"
1132,"Godfather: Part II, The"
1133,"Full Metal Jacket"
1134,"Grand Day Out, A"
1135,"Henry V"
1136,"Amadeus"
1137,"Quiet Man, The"
1138,"Once Upon a Time in America"
1139,"Raging Bull"
1140,"Annie Hall"
1141,"Right Stuff, The"
1142,"Stalker"
1143,"Boat, The"
1144,"Sting, The"
1145,"Harold and Maude"
1146,"Trust"
1147,"Seventh Seal, The"
1148,"Local Hero"
1149,"Terminator, The"
1150,"Braindead"
1151,"Glory"
1152,"Rosencrantz and Guildenstern Are Dead"
1153,"Manhattan"
1154,"Miller's Crossing"
1155,"Dead Poets Society"
1156,"Graduate, The"
1157,"Touch of Evil"
1158,"Nikita"
1159,"Bridge on the River Kwai, The"
1160,"8 1/2"
1161,"Chinatown"
1162,"Day the Earth Stood Still, The"
1163,"Treasure of the Sierra Madre, The"
1164,"Bad Taste"
1165,"Duck Soup"
1166,"Better Off Dead..."
1167,"Shining, The"
1168,"Stand by Me"
1169,"M"
1170,"Evil Dead II"
1171,"Great Escape, The"
1172,"Deer Hunter, The"
1173,"Diva"
1174,"Groundhog Day"
1175,"Unforgiven"
1176,"Manchurian Candidate, The"
1177,"Pump Up the Volume"
1178,"Arsenic and Old Lace"
1179,"Back to the Future"
1180,"Fried Green Tomatoes"
1181,"Patton"
1182,"Down by Law"
1183,"Akira"
1184,"Highlander"
1185,"Cool Hand Luke"
1186,"Cyrano de Bergerac"
1187,"Young Frankenstein"
1188,"Night on Earth"
1189,"Raise the Red Lantern"
1190,"Great Dictator, The"
1191,"Fantasia"
1192,"High Noon"
1193,"Big Sleep, The"
1194,"Heathers"
1195,"Somewhere in Time"
1196,"Ben-Hur"
1197,"This Is Spinal Tap"
1198,"Koyaanisqatsi"
1199,"Some Kind of Wonderful"
1200,"Indiana Jones and the Last Crusade"
1201,"Being There"
1202,"Gandhi"
1203,"M*A*S*H"
1204,"Unbearable Lightness of Being, The"
1205,"Room with a View, A"
1206,"Real Genius"
1207,"Pink Floyd - The Wall"
1208,"Killing Fields, The"
1209,"My Life as a Dog"
1210,"Forbidden Planet"
1211,"Field of Dreams"
1212,"Man Who Would Be King, The"
1213,"Butch Cassidy and the Sundance Kid"
1214,"Paris, Texas"
1215,"Until the End of the World"
1216,"When Harry Met Sally..."
1217,"Hype!"
1218,"Santa with Muscles"
1219,"Female Perversions"
1220,"Mad Dog Time"
1221,"Paris Was a Woman"
1222,"Anna"
1223,"I'm Not Rappaport"
1224,"AlienÂ³"
1225,"American Werewolf in London, An"
1226,"Amityville 1992: It's About Time"
1227,"Amityville 3-D"
1228,"Amityville: Dollhouse"
1229,"Amityville: A New Generation"
1230,"Amityville II: The Possession"
1231,"Amityville Horror, The"
1232,"Amityville Curse, The"
1233,"Blood For Dracula"
1234,"April Fool's Day"
1235,"Audrey Rose"
1236,"Believers, The"
1237,"Birds, The"
1238,"Blob, The"
1239,"Blood Beach"
1240,"Body Parts"
1241,"Body Snatcher, The"
1242,"Bram Stoker's Dracula"
1243,"Bride of Frankenstein"
1244,"Burnt Offerings"
1245,"Candyman"
1246,"Cape Fear"
1247,"Cape Fear"
1248,"Carrie"
1249,"Cat People"
1250,"Nightmare on Elm Street, A"
1251,"Nosferatu"
1252,"Nosferatu a Venezia"
1253,"Omen, The"
1254,"Blood & Wine"
1255,"Albino Alligator"
1256,"Mirror Has Two Faces, The"
1257,"Breaking the Waves"
1258,"Nightwatch"
1259,"Star Trek: First Contact"
1260,"Shine"
1261,"Sling Blade"
1262,"Jingle All the Way"
1263,"Identification of a Woman"
1264,"Paradise Lost: The Child Murders at Robin Hood Hills"
1265,"Garden of Finzi-Contini, The"
1266,"Preacher's Wife, The"
1267,"Zero Kelvin"
1268,"Ridicule"
1269,"Crucible, The"
1270,"101 Dalmatians"
1271,"I Can't Sleep"
1272,"Die Hard 2"
1273,"Star Trek: The Motion Picture"
1274,"Star Trek VI: The Undiscovered Country"
1275,"Star Trek V: The Final Frontier"
1276,"Star Trek: The Wrath of Khan"
1277,"Star Trek III: The Search for Spock"
1278,"Star Trek IV: The Voyage Home"
1279,"Batman Returns"
1280,"Young Guns"
1281,"Young Guns II"
1282,"Grease"
1283,"Grease 2"
1284,"Marked for Death"
1285,"Adrenalin: Fear the Rush"
1286,"Substance of Fire, The"
1287,"Under Siege"
1288,"Terror in a Texas Town"
1289,"Jaws"
1290,"Jaws 2"
1291,"Jaws 3-D"
1292,"My Fellow Americans"
1293,"Mars Attacks!"
1294,"Citizen Ruth"
1295,"Jerry Maguire"
1296,"Raising Arizona"
1297,"Tin Men"
1298,"Sneakers"
1299,"Bastard Out of Carolina"
1300,"In Love and War"
1301,"Marvin's Room"
1302,"Ghosts of Mississippi"
1303,"Night Falls on Manhattan"
1304,"Beavis and Butt-head Do America"
1305,"CÃ©rÃ©monie, La"
1306,"Scream"
1307,"Last of the Mohicans, The"
1308,"Michael"
1309,"Evening Star, The"
1310,"Hamlet"
1311,"Some Mother's Son"
1312,"Whole Wide World, The"
1313,"Mother"
1314,"Thieves"
1315,"Evita"
1316,"Portrait of a Lady, The"
1317,"Walkabout"
1318,"Message to Love: The Isle of Wight Festival"
1319,"Grateful Dead"
1320,"Murder at 1600"
1321,"Hearts and Minds"
1322,"Fierce Creatures"
1323,"Zeus and Roxanne"
1324,"Turbulence"
1325,"Angel Baby"
1326,"Jackie Chan's First Strike"
1327,"Underworld"
1328,"Beverly Hills Ninja"
1329,"Metro"
1330,"Machine, The"
1331,"Stranger, The"
1332,"Falling in Love Again"
1333,"Cement Garden, The"
1334,"Dante's Peak"
1335,"Meet Wally Sparks"
1336,"Amos & Andrew"
1337,"Benny & Joon"
1338,"Prefontaine"
1339,"Guantanamera"
1340,"McHale's Navy"
1341,"Kolya"
1342,"Gridlock'd"
1343,"Waiting for Guffman"
1344,"Prisoner of the Mountains"
1345,"Beautician and the Beast, The"
1346,"SubUrbia"
1347,"Hotel de Love"
1348,"Pest, The"
1349,"Fools Rush In"
1350,"Touch"
1351,"Absolute Power"
1352,"That Darn Cat!"
1353,"Vegas Vacation"
1354,"That Old Feeling"
1355,"Lost Highway"
1356,"Rosewood"
1357,"Donnie Brasco"
1358,"Booty Call"
1359,"Rhyme & Reason"
1360,"Boys Life 2"
1361,"City of Industry"
1362,"Best Men"
1363,"Jungle2Jungle"
1364,"Kama Sutra: A Tale of Love"
1365,"Private Parts"
1366,"Love Jones"
1367,"Saint, The"
1368,"Smilla's Sense of Snow"
1369,"Van, The"
1370,"Crash"
1371,"Daytrippers, The"
1372,"Liar Liar"
1373,"Quiet Room, The"
1374,"Selena"
1375,"Devil's Own, The"
1376,"Cats Don't Dance"
1377,"B*A*P*S"
1378,"Love and Other Catastrophes"
1379,"Sixth Man, The"
1380,"Turbo: A Power Rangers Movie"
1381,"Anna Karenina"
1382,"Double Team"
1383,"Inventing the Abbotts"
1384,"Anaconda"
1385,"Grosse Pointe Blank"
1386,"Keys to Tulsa"
1387,"Kissed"
1388,"8 Heads in a Duffel Bag"
1389,"Hollow Reed"
1390,"Paradise Road"
1391,"Traveller"
1392,"All Over Me"
1393,"Brother's Kiss, A"
1394,"A Chef in Love"
1395,"Romy and Michele's High School Reunion"
1396,"Temptress Moon"
1397,"Volcano"
1398,"Children of the Revolution"
1399,"Austin Powers: International Man of Mystery"
1400,"Breakdown"
1401,"Broken English"
1402,"Commandments"
1403,"Ripe"
1404,"Truth or Consequences, N.M."
1405,"Warriors of Virtue"
1406,"Fathers' Day"
1407,"Fifth Element, The"
1408,"Intimate Relations"
1409,"Nowhere"
1410,"Losing Chase"
1411,"Sprung"
1412,"Promise, The"
1413,"Bonheur, Le"
1414,"Love! Valour! Compassion!"
1415,"Shall We Dance?"
1416,"Second Jungle Book: Mowgli & Baloo, The"
1417,"Twin Town"
1418,"Addicted to Love"
1419,"Brassed Off"
1420,"Designated Mourner, The"
1421,"Lost World: Jurassic Park, The"
1422,"Ponette"
1423,"Schizopolis"
1424,"Shiloh"
1425,"War at Home, The"
1426,"Rough Magic"
1427,"Trial and Error"
1428,"Buddy"
1429,"Con Air"
1430,"Late Bloomers"
1431,"Pillow Book, The"
1432,"To Have, or Not"
1433,"Speed 2: Cruise Control"
1434,"Sudden Manhattan"
1435,"Wedding Bell Blues"
1436,"Batman & Robin"
1437,"Dream With the Fishes"
1438,"Roseanna's Grave"
1439,"Head Above Water"
1440,"Hercules"
1441,"Last Time I Committed Suicide, The"
1442,"My Best Friend's Wedding"
1443,"Tetsuo II: Body Hammer"
1444,"When the Cats Away"
1445,"Contempt"
1446,"Face/Off"
1447,"Fall"
1448,"Gabbeh"
1449,"For Ever Mozart"
1450,"Men in Black"
1451,"Out to Sea"
1452,"Wild America"
1453,"Simple Wish, A"
1454,"Contact"
1455,"Love Serenade"
1456,"G.I. Jane"
1457,"Conan the Barbarian"
1458,"George of the Jungle"
1459,"Cop Land"
1460,"Event Horizon"
1461,"Spawn"
1462,"Air Bud"
1463,"Picture Perfect"
1464,"In the Company of Men"
1465,"Free Willy 3: The Rescue"
1466,"Career Girls"
1467,"Conspiracy Theory"
1468,"Desperate Measures"
1469,"Steel"
1470,"She's So Lovely"
1471,"Hoodlum"
1472,"Leave It to Beaver"
1473,"Mimic"
1474,"Money Talks"
1475,"Excess Baggage"
1476,"Kull the Conqueror"
1477,"Air Force One"
1478,"187"
1479,"Hunt for Red October, The"
1480,"My Own Private Idaho"
1481,"Kiss Me, Guido"
1482,"Star Maps"
1483,"In & Out"
1484,"Edge, The"
1485,"Peacemaker, The"
1486,"L.A. Confidential"
1487,"Seven Years in Tibet"
1488,"Kiss the Girls"
1489,"Soul Food"
1490,"Kicked in the Head"
1491,"Wishmaster"
1492,"Thousand Acres, A"
1493,"Game, The"
1494,"Fire Down Below"
1495,"U Turn"
1496,"MatchMaker, The"
1497,"Lay of the Land, The"
1498,"Assignment, The"
1499,"Smile Like Yours, A"
1500,"Ulee's Gold"
1501,"Ice Storm, The"
1502,"Stag"
1503,"Chasing Amy"
1504,"How to Be a Player"
1505,"Full Monty, The"
1506,"Indian Summer"
1507,"Mrs. Brown"
1508,"I Know What You Did Last Summer"
1509,"Devil's Advocate, The"
1510,"Rocket Man"
1511,"Playing God"
1512,"House of Yes, The"
1513,"Fast, Cheap & Out of Control"
1514,"Washington Square"
1515,"Telling Lies in America"
1516,"Year of the Horse"
1517,"Gattaca"
1518,"FairyTale: A True Story"
1519,"Phantoms"
1520,"Swept from the Sea"
1521,"Wonderland"
1522,"Life Less Ordinary, A"
1523,"Hurricane Streets"
1524,"Eve's Bayou"
1525,"Switchback"
1526,"Gang Related"
1527,"Stripes"
1528,"NÃ©nette et Boni"
1529,"Bean"
1530,"Hugo Pool"
1531,"Mad City"
1532,"One Night Stand"
1533,"Tango Lesson, The"
1534,"Welcome To Sarajevo"
1535,"Deceiver"
1536,"Rainmaker, The"
1537,"Boogie Nights"
1538,"Witness"
1539,"Incognito"
1540,"Starship Troopers"
1541,"Critical Care"
1542,"Joy Luck Club, The"
1543,"Chairman of the Board"
1544,"Sliding Doors"
1545,"Mortal Kombat: Annihilation"
1546,"Truman Show, The"
1547,"Wings of the Dove, The"
1548,"Mrs. Dalloway"
1549,"I Love You, I Love You Not"
1550,"Red Corner"
1551,"Jackal, The"
1552,"Anastasia"
1553,"Man Who Knew Too Little, The"
1554,"Alien: Resurrection"
1555,"Alien Escape"
1556,"Amistad"
1557,"Apostle, The"
1558,"Artemisia"
1559,"Bent"
1560,"Butcher Boy, The"
1561,"Deconstructing Harry"
1562,"Flubber"
1563,"For Richer or Poorer"
1564,"Good Will Hunting"
1565,"Home Alone 3"
1566,"Legal Deceit"
1567,"Midnight in the Garden of Good and Evil"
1568,"Mouse Hunt"
1569,"Never Met Picasso"
1570,"Office Killer"
1571,"Scream 2"
1572,"Stranger in the House"
1573,"Sweet Hereafter, The"
1574,"Time Tracers"
1575,"Titanic"
1576,"Tomorrow Never Dies"
1577,"Full Speed"
1578,"Education of Little Tree, The"
1579,"Postman, The"
1580,"Horse Whisperer, The"
1581,"Winter Guest, The"
1582,"Jackie Brown"
1583,"Kundun"
1584,"Mr. Magoo"
1585,"Big Lebowski, The"
1586,"Afterglow"
1587,"My Life in Pink"
1588,"Great Expectations"
1589,"3 Ninjas: High Noon On Mega Mountain"
1590,"Midaq Alley"
1591,"Arguing the World"
1592,"Firestorm"
1593,"Senseless"
1594,"Wag the Dog"
1595,"Dark City"
1596,"Leading Man, The"
1597,"Star Kid"
1598,"Hard Rain"
1599,"Half Baked"
1600,"Fallen"
1601,"Shooting Fish"
1602,"Prophecy II, The"
1603,"Dangerous Beauty"
1604,"Four Days in September"
1605,"Spice World"
1606,"Deep Rising"
1607,"Tainted"
1608,"Music From Another Room"
1609,"Replacement Killers, The"
1610,"B. Monkey"
1611,"Night Flier"
1612,"Blues Brothers 2000"
1613,"Tokyo Fist"
1614,"Wedding Singer, The"
1615,"Sphere"
1616,"Ayn Rand: A Sense of Life"
1617,"Little City"
1618,"Palmetto"
1619,"As Good As It Gets"
1620,"King of New York"
1621,"Paralyzing Fear: The Story of Polio in America, A"
1622,"Men With Guns"
1623,"Twilight"
1624,"U.S. Marshalls"
1625,"Welcome to Woop-Woop"
1626,"Love and Death on Long Island"
1627,"CallejÃ³n de los milagros, El"
1628,"In God's Hands"
1629,"Everest"
1630,"Hush"
1631,"Suicide Kings"
1632,"Man in the Iron Mask, The"
1633,"Newton Boys, The"
1634,"Wild Things"
1635,"Paulie"
1636,"Cool Dry Place, A"
1637,"Hana-bi"
1638,"Primary Colors"
1639,"Niagara, Niagara"
1640,"Wide Awake"
1641,"Price Above Rubies, A"
1642,"Eden"
1643,"Two Girls and a Guy"
1644,"No Looking Back"
1645,"Proposition, The"
1646,"Object of My Affection, The"
1647,"Meet the Deedles"
1648,"Homegrown"
1649,"Player's Club, The"
1650,"Barney's Great Adventure"
1651,"Big One, The"
1652,"Chinese Box"
1653,"Follow the Bitch"
1654,"Lost in Space"
1655,"Heaven's Burning"
1656,"Mercury Rising"
1657,"Spanish Prisoner, The"
1658,"City of Angels"
1659,"Last Days of Disco, The"
1660,"Odd Couple II, The"
1661,"My Giant"
1662,"He Got Game"
1663,"Gingerbread Man, The"
1664,"Illtown"
1665,"Slappy and the Stinkers"
1666,"Live Flesh"
1667,"Zero Effect"
1668,"Nil By Mouth"
1669,"Borrowers, The"
1670,"Prince Valiant"
1671,"I Love You, Don't Touch Me!"
1672,"Leather Jacket Love Story"
1673,"Love Walked In"
1674,"Alan Smithee Film: Burn Hollywood Burn, An"
1675,"Kissing a Fool"
1676,"Krippendorf's Tribe"
1677,"Kurt & Courtney"
1678,"Real Blonde, The"
1679,"Mr. Nice Guy"
1680,"Taste of Cherry"
1681,"Character"
1682,"Junk Mail"
1683,"Species II"
1684,"Major League: Back to the Minors"
1685,"Sour Grapes"
1686,"Wild Man Blues"
1687,"Big Hit, The"
1688,"Tarzan and the Lost City"
1689,"Truce, The"
1690,"Black Dog"
1691,"Dancer, Texas Pop. 81"
1692,"Friend of the Deceased, A"
1693,"Go Now"
1694,"MisÃ©rables, Les"
1695,"Still Breathing"
1696,"Clockwatchers"
1697,"Deep Impact"
1698,"Little Men"
1699,"Woo"
1700,"Hanging Garden, The"
1701,"Lawn Dogs"
1702,"Quest for Camelot"
1703,"Godzilla"
1704,"Bulworth"
1705,"Fear and Loathing in Las Vegas"
1706,"Opposite of Sex, The"
1707,"I Got the Hook Up"
1708,"Almost Heroes"
1709,"Hope Floats"
1710,"Insomnia"
1711,"Little Boy Blue"
1712,"Ugly, The"
1713,"Perfect Murder, A"
1714,"Beyond Silence"
1715,"Six Days Seven Nights"
1716,"Can't Hardly Wait"
1717,"Cousin Bette"
1718,"High Art"
1719,"Land Girls, The"
1720,"Passion in the Desert"
1721,"Children of Heaven, The"
1722,"Dear Jesse"
1723,"Dream for an Insomniac"
1724,"Hav Plenty"
1725,"Henry Fool"
1726,"Marie Baie Des Anges"
1727,"Mr. Jealousy"
1728,"Mulan"
1729,"Resurrection Man"
1730,"X-Files: Fight the Future, The"
1731,"I Went Down"
1732,"Doctor Dolittle"
1733,"Out of Sight"
1734,"Picnic at Hanging Rock"
1735,"Smoke Signals"
1736,"Voyage to the Beginning of the World"
1737,"Buffalo 66"
1738,"Armageddon"
1739,"Lethal Weapon 4"
1740,"Madeline"
1741,"Small Soldiers"
1742,"Pi"
1743,"Whatever"
1744,"There's Something About Mary"
1745,"Plan 9 from Outer Space"
1746,"Wings"
1747,"Broadway Melody, The"
1748,"All Quiet on the Western Front"
1749,"Cimarron"
1750,"Grand Hotel"
1751,"Cavalcade"
1752,"Mutiny on the Bounty"
1753,"Great Ziegfeld, The"
1754,"Life of Ãmile Zola, The"
1755,"You Can't Take It With You"
1756,"How Green Was My Valley"
1757,"Mrs. Miniver"
1758,"Going My Way"
1759,"Lost Weekend, The"
1760,"Best Years of Our Lives, The"
1761,"Gentleman's Agreement"
1762,"Hamlet"
1763,"All the King's Men"
1764,"Greatest Show on Earth, The"
1765,"From Here to Eternity"
1766,"On the Waterfront"
1767,"Marty"
1768,"West Side Story"
1769,"Tom Jones"
1770,"Man for All Seasons, A"
1771,"In the Heat of the Night"
1772,"Oliver!"
1773,"Midnight Cowboy"
1774,"French Connection, The"
1775,"Rocky"
1776,"Kramer Vs. Kramer"
1777,"Ordinary People"
1778,"Chariots of Fire"
1779,"Terms of Endearment"
1780,"Out of Africa"
1781,"Last Emperor, The"
1782,"Rain Man"
1783,"Driving Miss Daisy"
1784,"Take the Money and Run"
1785,"Klute"
1786,"Repo Man"
1787,"Metropolitan"
1788,"Labyrinth"
1789,"Breakfast Club, The"
1790,"Nightmare on Elm Street Part 2: Freddy's Revenge, A"
1791,"Nightmare on Elm Street 3: Dream Warriors, A"
1792,"Nightmare on Elm Street 4: The Dream Master, A"
1793,"Nightmare on Elm Street 5: The Dream Child, A"
1794,"Freddy's Dead: The Final Nightmare"
1795,"Friday the 13th"
1796,"Friday the 13th Part 2"
1797,"Friday the 13th Part 3: 3D"
1798,"Friday the 13th: The Final Chapter"
1799,"Friday the 13th Part V: A New Beginning"
1800,"Friday the 13th Part VI: Jason Lives"
1801,"Friday the 13th Part VII: The New Blood"
1802,"Friday the 13th Part VIII: Jason Takes Manhattan"
1803,"Halloween"
1804,"Halloween II"
1805,"Halloween III: Season of the Witch"
1806,"Halloween 4: The Return of Michael Myers"
1807,"Halloween 5: The Revenge of Michael Myers"
1808,"Prom Night"
1809,"Hello Mary Lou: Prom Night II"
1810,"Prom Night III: The Last Kiss"
1811,"Prom Night IV: Deliver Us From Evil"
1812,"Child's Play"
1813,"Child's Play 2"
1814,"Child's Play 3"
1815,"Poltergeist"
1816,"Poltergeist II: The Other Side"
1817,"Poltergeist III"
1818,"Exorcist, The"
1819,"Exorcist II: The Heretic"
1820,"Exorcist III, The"
1821,"Lethal Weapon"
1822,"Lethal Weapon 2"
1823,"Lethal Weapon 3"
1824,"Gremlins"
1825,"Gremlins 2: The New Batch"
1826,"Goonies, The"
1827,"Mask of Zorro, The"
1828,"Polish Wedding"
1829,"This World, Then the Fireworks"
1830,"Soylent Green"
1831,"Metropolis"
1832,"Back to the Future Part II"
1833,"Back to the Future Part III"
1834,"Poseidon Adventure, The"
1835,"Freaky Friday"
1836,"Absent Minded Professor, The"
1837,"Apple Dumpling Gang Rides Again, The"
1838,"Babes in Toyland"
1839,"Bambi"
1840,"Seven Samurai"
1841,"Dangerous Liaisons"
1842,"Dune"
1843,"Last Temptation of Christ, The"
1844,"Godfather: Part III, The"
1845,"Rapture, The"
1846,"Lolita"
1847,"Disturbing Behavior"
1848,"Mafia!"
1849,"Saving Private Ryan"
1850,"Billy's Hollywood Screen Kiss"
1851,"$1,000,000 Duck"
1852,"Barefoot Executive, The"
1853,"Black Cauldron, The"
1854,"Black Hole, The"
1855,"Blackbeard's Ghost"
1856,"Blank Check"
1857,"Candleshoe"
1858,"Cat from Outer Space, The"
1859,"Cheetah"
1860,"Computer Wore Tennis Shoes, The"
1861,"Condorman"
1862,"D2: The Mighty Ducks"
1863,"Darby O'Gill and the Little People"
1864,"Devil and Max Devlin, The"
1865,"Far Off Place, A"
1866,"Flight of the Navigator"
1867,"Gnome-Mobile, The"
1868,"Great Mouse Detective, The"
1869,"Happiest Millionaire, The"
1870,"Herbie Goes Bananas"
1871,"Herbie Goes to Monte Carlo"
1872,"Hocus Pocus"
1873,"Honey, I Blew Up the Kid"
1874,"Honey, I Shrunk the Kids"
1875,"Hot Lead and Cold Feet"
1876,"In Search of the Castaways"
1877,"Incredible Journey, The"
1878,"Negotiator, The"
1879,"Parent Trap, The"
1880,"BASEketball"
1881,"Full Tilt Boogie"
1882,"Governess, The"
1883,"Seventh Heaven"
1884,"Roger & Me"
1885,"Purple Rose of Cairo, The"
1886,"Out of the Past"
1887,"Doctor Zhivago"
1888,"Fanny and Alexander"
1889,"Trip to Bountiful, The"
1890,"Tender Mercies"
1891,"And the Band Played On"
1892,"'burbs, The"
1893,"Fandango"
1894,"Night Porter, The"
1895,"Mephisto"
1896,"Blue Velvet"
1897,"Journey of Natty Gann, The"
1898,"Jungle Book, The"
1899,"Kidnapped"
1900,"Lady and the Tramp"
1901,"Little Mermaid, The"
1902,"Mighty Ducks, The"
1903,"Muppet Christmas Carol, The"
1904,"Newsies"
1905,"101 Dalmatians"
1906,"One Magic Christmas"
1907,"Peter Pan"
1908,"Popeye"
1909,"Rescuers Down Under, The"
1910,"Rescuers, The"
1911,"Return from Witch Mountain"
1912,"Return of Jafar, The"
1913,"Return to Oz"
1914,"Rocketeer, The"
1915,"Shaggy D.A., The"
1916,"Sleeping Beauty"
1917,"Something Wicked This Way Comes"
1918,"Son of Flubber"
1919,"Song of the South"
1920,"Splash"
1921,"Squanto: A Warrior's Tale"
1922,"Steamboat Willie"
1923,"Tall Tale"
1924,"Tex"
1925,"Tron"
1926,"Swing Kids"
1927,"Halloween: H20"
1928,"L.A. Story"
1929,"Jerk, The"
1930,"Dead Men Don't Wear Plaid"
1931,"Man with Two Brains, The"
1932,"Grand Canyon"
1933,"Graveyard Shift"
1934,"Outsiders, The"
1935,"Indiana Jones and the Temple of Doom"
1936,"Lord of the Rings, The"
1937,"Nineteen Eighty-Four"
1938,"Dead Zone, The"
1939,"Maximum Overdrive"
1940,"Needful Things"
1941,"Cujo"
1942,"Children of the Corn"
1943,"All Dogs Go to Heaven"
1944,"Addams Family, The"
1945,"Ever After: A Cinderella Story"
1946,"Snake Eyes"
1947,"First Love, Last Rites"
1948,"Safe Men"
1949,"Saltmen of Tibet, The"
1950,"Atlantic City"
1951,"Autumn Sonata"
1952,"Who's Afraid of Virginia Woolf?"
1953,"Adventures in Babysitting"
1954,"Weird Science"
1955,"Doctor Dolittle"
1956,"Nutty Professor, The"
1957,"Charlotte's Web"
1958,"Watership Down"
1959,"Secret of NIMH, The"
1960,"Dark Crystal, The"
1961,"American Tail, An"
1962,"American Tail: Fievel Goes West, An"
1963,"Legend"
1964,"Sixteen Candles"
1965,"Pretty in Pink"
1966,"St. Elmo's Fire"
1967,"Clan of the Cave Bear, The"
1968,"House"
1969,"House II: The Second Story"
1970,"Gods Must Be Crazy, The"
1971,"Gods Must Be Crazy II, The"
1972,"Air Bud: Golden Receiver"
1973,"Avengers, The"
1974,"How Stella Got Her Groove Back"
1975,"Slums of Beverly Hills, The"
1976,"Best Man, The"
1977,"Chambermaid on the Titanic, The"
1978,"Henry: Portrait of a Serial Killer, Part 2"
1979,"Henry: Portrait of a Serial Killer"
1980,"Rosemary's Baby"
1981,"NeverEnding Story, The"
1982,"NeverEnding Story II: The Next Chapter, The"
1983,"Attack of the Killer Tomatoes!"
1984,"Surf Nazis Must Die"
1985,"Your Friends and Neighbors"
1986,"Return to Paradise"
1987,"Blade"
1988,"Dance with Me"
1989,"Dead Man on Campus"
1990,"Wrongfully Accused"
1991,"Next Stop, Wonderland"
1992,"Strike!"
1993,"Navigator: A Mediaeval Odyssey, The"
1994,"Beetlejuice"
1995,"DÃ©jÃ  Vu"
1996,"Rope"
1997,"Family Plot"
1998,"Frenzy"
1999,"Topaz"
2000,"Torn Curtain"
2001,"Marnie"
2002,"Wrong Man, The"
2003,"Man Who Knew Too Much, The"
2004,"Trouble with Harry, The"
2005,"I Confess"
2006,"Strangers on a Train"
2007,"Stage Fright"
2008,"54"
2009,"I Married A Strange Person"
2010,"Why Do Fools Fall In Love?"
2011,"Merry War, A"
2012,"See the Sea"
2013,"Willow"
2014,"Untouchables, The"
2015,"Dirty Work"
2016,"Knock Off"
2017,"Firelight"
2018,"Modulations"
2019,"Under Capricorn"
2020,"Paradine Case, The"
2021,"Lifeboat"
2022,"Shadow of a Doubt"
2023,"Saboteur"
2024,"Mr. & Mrs. Smith"
2025,"Suspicion"
2026,"Jamaica Inn"
2027,"Lady Vanishes, The"
2028,"Young and Innocent"
2029,"Sabotage"
2030,"Secret Agent"
2031,"Man Who Knew Too Much, The"
2032,"Waltzes from Vienna"
2033,"Number Seventeen"
2034,"Rich and Strange"
2035,"Elstree Calling"
2036,"Juno and Paycock"
2037,"Murder!"
2038,"Blackmail"
2039,"Farmer's Wife, The"
2040,"Ring, The"
2041,"Lodger, The"
2042,"Rounders"
2043,"Cube"
2044,"Digging to China"
2045,"Let's Talk About Sex"
2046,"One Man's Hero"
2047,"Simon Birch"
2048,"Without Limits"
2049,"Seven Beauties"
2050,"Swept Away"
2051,"My Bodyguard"
2052,"Class"
2053,"Grandview, U.S.A."
2054,"Broadcast News"
2055,"Allnighter, The"
2056,"Working Girl"
2057,"Stars and Bars"
2058,"Married to the Mob"
2059,"Say Anything..."
2060,"My Blue Heaven"
2061,"Men Don't Leave"
2062,"Cabinet of Dr. Ramirez, The"
2063,"Hero"
2064,"Toys"
2065,"Choices"
2066,"Young Doctors in Love"
2067,"Parasite"
2068,"No Small Affair"
2069,"Master Ninja I"
2070,"Blame It on Rio"
2071,"Wisdom"
2072,"One Crazy Summer"
2073,"About Last Night..."
2074,"Seventh Sign, The"
2075,"We're No Angels"
2076,"Nothing But Trouble"
2077,"Butcher's Wife, The"
2078,"Mortal Thoughts"
2079,"Few Good Men, A"
2080,"Indecent Proposal"
2081,"Permanent Midnight"
2082,"One True Thing"
2083,"Rush Hour"
2084,"Six-String Samurai"
2085,"Soldier's Daughter Never Cries, A"
2086,"Somewhere in the City"
2087,"Ronin"
2088,"Urban Legend"
2089,"Clay Pigeons"
2090,"Monument Ave."
2091,"Pecker"
2092,"Sheltering Sky, The"
2093,"Bandit Queen"
2094,"If...."
2095,"Fiendish Plot of Dr. Fu Manchu, The"
2096,"Them!"
2097,"Thing, The"
2098,"Player, The"
2099,"Stardust Memories"
2100,"Edward Scissorhands"
2101,"Overnight Delivery"
2102,"Shadrach"
2103,"Antz"
2104,"Impostors, The"
2105,"Night at the Roxbury, A"
2106,"What Dreams May Come"
2107,"Strangeland"
2108,"Battle of the Sexes, The"
2109,"Producers, The"
2110,"History of the World: Part I"
2111,"My Cousin Vinny"
2112,"Nashville"
2113,"Love Is the Devil"
2114,"Slam"
2115,"Holy Man"
2116,"One Tough Cop"
2117,"Detroit 9000"
2118,"Inheritors, The"
2119,"Mighty, The"
2120,"2010"
2121,"Children of a Lesser God"
2122,"Elephant Man, The"
2123,"Beloved"
2124,"Bride of Chucky"
2125,"Practical Magic"
2126,"Alarmist, The"
2127,"Happiness"
2128,"Apt Pupil"
2129,"Pleasantville"
2130,"Soldier"
2131,"Cruise, The"
2132,"Life Is Beautiful"
2133,"Orgazmo"
2134,"Shattered Image"
2135,"Tales from the Darkside: The Movie"
2136,"Vampires"
2137,"American History X"
2138,"Hands on a Hard Body"
2139,"Living Out Loud"
2140,"Belly"
2141,"Gods and Monsters"
2142,"Siege, The"
2143,"Waterboy, The"
2144,"Elizabeth"
2145,"Velvet Goldmine"
2146,"I Still Know What You Did Last Summer"
2147,"I'll Be Home For Christmas"
2148,"Meet Joe Black"
2149,"Dancing at Lughnasa"
2150,"Hard Core Logo"
2151,"Naked Man, The"
2152,"Runaway Train"
2153,"Desert Bloom"
2154,"Stepford Wives, The"
2155,"Pope of Greenwich Village, The"
2156,"Sid and Nancy"
2157,"Mona Lisa"
2158,"Heart Condition"
2159,"Nights of Cabiria"
2160,"Big Chill, The"
2161,"Enemy of the State"
2162,"Rugrats Movie, The"
2163,"Bug's Life, A"
2164,"Celebrity"
2165,"Central Station"
2166,"Savior"
2167,"Waking Ned Devine"
2168,"Celebration, The"
2169,"Pink Flamingos"
2170,"Glen or Glenda"
2171,"Godzilla"
2172,"Godzilla"
2173,"King Kong vs. Godzilla"
2174,"King Kong"
2175,"King Kong"
2176,"King Kong Lives"
2177,"Desperately Seeking Susan"
2178,"Emerald Forest, The"
2179,"Fletch"
2180,"Fletch Lives"
2181,"Red Sonja"
2182,"Gung Ho"
2183,"Money Pit, The"
2184,"View to a Kill, A"
2185,"Lifeforce"
2186,"Police Academy"
2187,"Police Academy 2: Their First Assignment"
2188,"Police Academy 3: Back in Training"
2189,"Police Academy 4: Citizens on Patrol"
2190,"Police Academy 5: Assignment: Miami Beach"
2191,"Police Academy 6: City Under Siege"
2192,"Babe: Pig in the City"
2193,"Home Fries"
2194,"Jerry Springer: Ringmaster"
2195,"Very Bad Things"
2196,"Steam: The Turkish Bath"
2197,"Psycho"
2198,"Little Voice"
2199,"Simple Plan, A"
2200,"Jack Frost"
2201,"Star Trek: Insurrection"
2202,"Prince of Egypt, The"
2203,"Rushmore"
2204,"Shakespeare in Love"
2205,"Mass Appeal"
2206,"Miracle on 34th Street"
2207,"Santa Claus: The Movie"
2208,"Prancer"
2209,"Pale Rider"
2210,"Rambo: First Blood Part II"
2211,"First Blood"
2212,"Rambo III"
2213,"Jewel of the Nile, The"
2214,"Romancing the Stone"
2215,"Cocoon"
2216,"Cocoon: The Return"
2217,"Rocky II"
2218,"Rocky III"
2219,"Rocky IV"
2220,"Rocky V"
2221,"Clue"
2222,"Young Sherlock Holmes"
2223,"Violets Are Blue..."
2224,"Back to School"
2225,"Heartburn"
2226,"Nothing in Common"
2227,"Extremities"
2228,"Karate Kid, The"
2229,"Karate Kid, Part II, The"
2230,"Karate Kid III, The"
2231,"Christmas Vacation"
2232,"You've Got Mail"
2233,"General, The"
2234,"Theory of Flight, The"
2235,"Thin Red Line, The"
2236,"Faculty, The"
2237,"Mighty Joe Young"
2238,"Mighty Joe Young"
2239,"Patch Adams"
2240,"Stepmom"
2241,"Civil Action, A"
2242,"Down in the Delta"
2243,"Hurlyburly"
2244,"Tea with Mussolini"
2245,"Wilde"
2246,"Outside Ozona"
2247,"Affliction"
2248,"Another Day in Paradise"
2249,"Hi-Lo Country, The"
2250,"Hilary and Jackie"
2251,"Playing by Heart"
2252,"24 7: Twenty Four Seven"
2253,"At First Sight"
2254,"In Dreams"
2255,"Varsity Blues"
2256,"Virus"
2257,"Garbage Pail Kids Movie, The"
2258,"Howard the Duck"
2259,"Gate, The"
2260,"Gate II: Trespassers, The"
2261,"Boy Who Could Fly, The"
2262,"Fly, The"
2263,"Fly, The"
2264,"Fly II, The"
2265,"Running Scared"
2266,"Armed and Dangerous"
2267,"Texas Chainsaw Massacre, The"
2268,"Texas Chainsaw Massacre 2, The"
2269,"Leatherface: Texas Chainsaw Massacre III"
2270,"Return of the Texas Chainsaw Massacre, The"
2271,"Ruthless People"
2272,"Trick or Treat"
2273,"Deadly Friend"
2274,"Belizaire the Cajun"
2275,"Name of the Rose, The"
2276,"Jumpin' Jack Flash"
2277,"Peggy Sue Got Married"
2278,"Crocodile Dundee"
2279,"Crocodile Dundee II"
2280,"Tough Guys"
2281,"Soul Man"
2282,"Color of Money, The"
2283,"52 Pick-Up"
2284,"Heartbreak Ridge"
2285,"Firewalker"
2286,"Three Amigos!"
2287,"Gloria"
2288,"Dry Cleaning"
2289,"My Name Is Joe"
2290,"Still Crazy"
2291,"Day of the Beast, The"
2292,"Tinseltown"
2293,"She's All That"
2294,"24-hour Woman"
2295,"Blood, Guts, Bullets and Octane"
2296,"Peeping Tom"
2297,"Payback"
2298,"Simply Irresistible"
2299,"20 Dates"
2300,"Harmonists, The"
2301,"Last Days, The"
2302,"Fantastic Planet, The"
2303,"Blast from the Past"
2304,"Message in a Bottle"
2305,"My Favorite Martian"
2306,"God Said 'Ha!'"
2307,"Jawbreaker"
2308,"October Sky"
2309,"Office Space"
2310,"Apple, The"
2311,"200 Cigarettes"
2312,"8MM"
2313,"Other Sister, The"
2314,"Breakfast of Champions"
2315,"Eight Days a Week"
2316,"Just the Ticket"
2317,"Long Goodbye, The"
2318,"Ballad of Narayama, The"
2319,"Pet Sematary"
2320,"Pet Sematary II"
2321,"Children of the Corn II: The Final Sacrifice"
2322,"Children of the Corn III"
2323,"Christine"
2324,"Night Shift"
2325,"House on Haunted Hill"
2326,"Airport"
2327,"Airport 1975"
2328,"Airport '77"
2329,"Rollercoaster"
2330,"Towering Inferno, The"
2331,"Alligator"
2332,"Meteor"
2333,"Westworld"
2334,"Logan's Run"
2335,"Planet of the Apes"
2336,"Beneath the Planet of the Apes"
2337,"Battle for the Planet of the Apes"
2338,"Conquest of the Planet of the Apes"
2339,"Escape from the Planet of the Apes"
2340,"Avalanche"
2341,"Earthquake"
2342,"Concorde: Airport '79, The"
2343,"Beyond the Poseidon Adventure"
2344,"Dancemaker"
2345,"Analyze This"
2346,"Corruptor, The"
2347,"Cruel Intentions"
2348,"Lock, Stock & Two Smoking Barrels"
2349,"Six Ways to Sunday"
2350,"School of Flesh, The"
2351,"Relax... It's Just Sex"
2352,"Deep End of the Ocean, The"
2353,"Rage: Carrie 2, The"
2354,"Wing Commander"
2355,"Haunting, The"
2356,"Dead Ringers"
2357,"My Boyfriend's Back"
2358,"Village of the Damned"
2359,"Children of the Damned"
2360,"Baby Geniuses"
2361,"Telling You"
2362,"I Stand Alone"
2363,"Forces of Nature"
2364,"King and I, The"
2365,"Ravenous"
2366,"True Crime"
2367,"Bandits"
2368,"Beauty"
2369,"King and I, The"
2370,"Doug's 1st Movie"
2371,"EDtv"
2372,"Mod Squad, The"
2373,"Among Giants"
2374,"Walk on the Moon, A"
2375,"Matrix, The"
2376,"10 Things I Hate About You"
2377,"Tango"
2378,"Out-of-Towners, The"
2379,"Dreamlife of Angels, The"
2380,"Love, etc."
2381,"Metroland"
2382,"Sticky Fingers of Time, The"
2383,"Following"
2384,"Go"
2385,"Never Been Kissed"
2386,"Twin Dragons"
2387,"Cookie's Fortune"
2388,"Foolish"
2389,"Lovers of the Arctic Circle, The"
2390,"Goodbye, Lover"
2391,"Life"
2392,"Friends & Lovers"
2393,"Hideous Kinky"
2394,"Jeanne and the Perfect Guy"
2395,"Joyriders, The"
2396,"Monster, The"
2397,"Open Your Eyes"
2398,"SLC Punk!"
2399,"Lost & Found"
2400,"Pushing Tin"
2401,"Election"
2402,"eXistenZ"
2403,"Mighty Peking Man"
2404,"Entrapment"
2405,"Idle Hands"
2406,"Get Real"
2407,"Heaven"
2408,"King of Masks, The"
2409,"Three Seasons"
2410,"Winslow Boy, The"
2411,"Mildred Pierce"
2412,"Night of the Comet"
2413,"Chopping Mall"
2414,"My Science Project"
2415,"Dick Tracy"
2416,"Mummy, The"
2417,"Castle, The"
2418,"Mascara"
2419,"This Is My Father"
2420,"Xiu Xiu: The Sent-Down Girl"
2421,"Midsummer Night's Dream, A"
2422,"Trippin'"
2423,"After Life"
2424,"Black Mask"
2425,"Edge of Seventeen"
2426,"Endurance"
2427,"Star Wars: Episode I - The Phantom Menace"
2428,"Love Letter, The"
2429,"Besieged"
2430,"Frogs for Snakes"
2431,"Saragossa Manuscript, The"
2432,"Mummy, The"
2433,"Mummy, The"
2434,"Mummy's Curse, The"
2435,"Mummy's Ghost, The"
2436,"Mummy's Hand, The"
2437,"Mummy's Tomb, The"
2438,"Mommie Dearest"
2439,"Superman"
2440,"Superman II"
2441,"Superman III"
2442,"Superman IV: The Quest for Peace"
2443,"Dracula"
2444,"Dracula"
2445,"House of Dracula"
2446,"House of Frankenstein"
2447,"Frankenstein"
2448,"Son of Frankenstein"
2449,"Ghost of Frankenstein, The"
2450,"Frankenstein Meets the Wolf Man"
2451,"Curse of Frankenstein, The"
2452,"Son of Dracula"
2453,"Wolf Man, The"
2454,"Howling II: Your Sister Is a Werewolf"
2455,"Tarantula"
2456,"Rocky Horror Picture Show, The"
2457,"Flying Saucer, The"
2458,"It Came from Hollywood"
2459,"Thing From Another World, The"
2460,"It Came from Outer Space"
2461,"War of the Worlds, The"
2462,"It Came from Beneath the Sea"
2463,"Invasion of the Body Snatchers"
2464,"Earth Vs. the Flying Saucers"
2465,"It Conquered the World"
2466,"Mole People, The"
2467,"Swamp Thing"
2468,"Pork Chop Hill"
2469,"Run Silent, Run Deep"
2470,"Notting Hill"
2471,"Thirteenth Floor, The"
2472,"Eternity and a Day"
2473,"Loss of Sexual Innocence, The"
2474,"Twice Upon a Yesterday"
2475,"Instinct"
2476,"Buena Vista Social Club"
2477,"Desert Blue"
2478,"Finding North"
2479,"Free Enterprise"
2480,"Limbo"
2481,"Austin Powers: The Spy Who Shagged Me"
2482,"Red Dwarf, The"
2483,"Red Violin, The"
2484,"Tarzan"
2485,"General's Daughter, The"
2486,"Get Bruce"
2487,"Ideal Husband, An"
2488,"Legend of 1900, The"
2489,"Run Lola Run"
2490,"Trekkies"
2491,"Big Daddy"
2492,"Boys, The"
2493,"Dinner Game, The"
2494,"My Son the Fanatic"
2495,"Arachnophobia"
2496,"South Park: Bigger, Longer and Uncut"
2497,"Wild Wild West"
2498,"Summer of Sam"
2499,"Broken Vessels"
2500,"Lovers on the Bridge, The"
2501,"Late August, Early September"
2502,"American Pie"
2503,"Arlington Road"
2504,"Autumn Tale, An"
2505,"Muppets From Space"
2506,"Blair Witch Project, The"
2507,"My Life So Far"
2508,"Eyes Wide Shut"
2509,"Lake Placid"
2510,"Wood, The"
2511,"Velocity of Gary, The"
2512,"Ghostbusters"
2513,"Ghostbusters II"
2514,"Drop Dead Gorgeous"
2515,"Haunting, The"
2516,"Inspector Gadget"
2517,"Trick"
2518,"Deep Blue Sea"
2519,"Mystery Men"
2520,"Runaway Bride"
2521,"Twin Falls Idaho"
2522,"Killing, The"
2523,"Killer's Kiss"
2524,"Spartacus"
2525,"Lolita"
2526,"Barry Lyndon"
2527,"400 Blows, The"
2528,"Jules and Jim"
2529,"Vibes"
2530,"Mosquito Coast, The"
2531,"Golden Child, The"
2532,"Brighton Beach Memoirs"
2533,"Assassination"
2534,"Crimes of the Heart"
2535,"Color Purple, The"
2536,"Kindred, The"
2537,"No Mercy"
2538,"MÃ©nage"
2539,"Native Son"
2540,"Otello"
2541,"Mission, The"
2542,"Little Shop of Horrors"
2543,"Little Shop of Horrors, The"
2544,"Allan Quartermain and the Lost City of Gold"
2545,"Morning After, The"
2546,"Radio Days"
2547,"From the Hip"
2548,"Outrageous Fortune"
2549,"Bedroom Window, The"
2550,"Deadtime Stories"
2551,"Light of Day"
2552,"Wanted: Dead or Alive"
2553,"Frances"
2554,"Plenty"
2555,"Dick"
2556,"Gambler, The"
2557,"Iron Giant, The"
2558,"Sixth Sense, The"
2559,"Thomas Crown Affair, The"
2560,"Thomas Crown Affair, The"
2561,"Acid House, The"
2562,"Adventures of Sebastian Cole, The"
2563,"Illuminata"
2564,"Stiff Upper Lips"
2565,"Yards, The"
2566,"Bowfinger"
2567,"Brokedown Palace"
2568,"Detroit Rock City"
2569,"Alice and Martin"
2570,"Better Than Chocolate"
2571,"Head On"
2572,"Marcello Mastroianni: I Remember Yes, I Remember"
2573,"Cobra"
2574,"Never Talk to Strangers"
2575,"Heaven Can Wait"
2576,"Raven, The"
2577,"Tingler, The"
2578,"Pit and the Pendulum"
2579,"Tomb of Ligeia, The"
2580,"Masque of the Red Death, The"
2581,"Tales of Terror"
2582,"Haunted Honeymoon"
2583,"Cat's Eye"
2584,"And Now for Something Completely Different"
2585,"Damien: Omen II"
2586,"Final Conflict, The"
2587,"Airplane!"
2588,"Airplane II: The Sequel"
2589,"American Werewolf in Paris, An"
2590,"European Vacation"
2591,"Vacation"
2592,"Funny Farm"
2593,"Big"
2594,"Problem Child"
2595,"Problem Child 2"
2596,"Little Nemo: Adventures in Slumberland"
2597,"Oscar and Lucinda"
2598,"Tequila Sunrise"
2599,"Pelican Brief, The"
2600,"Christmas Story, A"
2601,"Mickey Blue Eyes"
2602,"Teaching Mrs. Tingle"
2603,"Universal Soldier: The Return"
2604,"Universal Soldier"
2605,"Love Stinks"
2606,"Perfect Blue"
2607,"With Friends Like These..."
2608,"In Too Deep"
2609,"Source, The"
2610,"Bat, The"
2611,"Iron Eagle"
2612,"Iron Eagle II"
2613,"Aces: Iron Eagle III"
2614,"Iron Eagle IV"
2615,"Three Days of the Condor"
2616,"Hamlet"
2617,"Male and Female"
2618,"Medicine Man"
2619,"Spiders, The"
2620,"On the Ropes"
2621,"Rosie"
2622,"13th Warrior, The"
2623,"Astronaut's Wife, The"
2624,"Dudley Do-Right"
2625,"Muse, The"
2626,"Cabaret Balkan"
2627,"Dog of Flanders, A"
2628,"Lucie Aubrac"
2629,"Very Thought of You, The"
2630,"Chill Factor"
2631,"Outside Providence"
2632,"Bedrooms & Hallways"
2633,"West Beirut"
2634,"Stigmata"
2635,"Stir of Echoes"
2636,"Best Laid Plans"
2637,"Black Cat, White Cat"
2638,"Minus Man, The"
2639,"White Boys"
2640,"Adventures of Milo and Otis, The"
2641,"Only Angels Have Wings"
2642,"Othello"
2643,"Queens Logic"
2644,"Public Access"
2645,"Saturn 3"
2646,"Soldier's Story, A"
2647,"Communion"
2648,"Don't Look in the Basement!"
2649,"Nightmares"
2650,"I Saw What You Did"
2651,"Yellow Submarine"
2652,"American Beauty"
2653,"Stop Making Sense"
2654,"Blue Streak"
2655,"For Love of the Game"
2656,"Caligula"
2657,"Hard Day's Night, A"
2658,"Splendor"
2659,"Sugar Town"
2660,"Buddy Holly Story, The"
2661,"Fright Night"
2662,"Fright Night Part II"
2663,"Separation, The"
2664,"Barefoot in the Park"
2665,"Deliverance"
2666,"Excalibur"
2667,"Lulu on the Bridge"
2668,"Pajama Game, The"
2669,"Sommersby"
2670,"Thumbelina"
2671,"Tommy"
2672,"Hell Night"
2673,"Operation Condor"
2674,"Operation Condor 2"
2675,"Double Jeopardy"
2676,"Jakob the Liar"
2677,"Mumford"
2678,"Dog Park"
2679,"Guinevere"
2680,"Adventures of Elmo in Grouchland, The"
2681,"Simon Sez"
2682,"Drive Me Crazy"
2683,"Mystery, Alaska"
2684,"Three Kings"
2685,"Happy, Texas"
2686,"New Rose Hotel"
2687,"Plunkett & MaCleane"
2688,"Romance"
2689,"Napoleon and Samantha"
2690,"Alvarez Kelly"
2691,"And the Ship Sails On"
2692,"Dark Half, The"
2693,"Gulliver's Travels"
2694,"Monkey Shines"
2695,"Phantasm"
2696,"Psycho II"
2697,"Psycho III"
2698,"Rain"
2699,"Sanjuro"
2700,"Random Hearts"
2701,"Superstar"
2702,"Boys Don't Cry"
2703,"Five Wives, Three Secretaries and Me"
2704,"Grandfather, The"
2705,"Limey, The"
2706,"Mating Habits of the Earthbound Human, The"
2707,"Molly"
2708,"Risky Business"
2709,"Total Recall"
2710,"Body Heat"
2711,"Ferris Bueller's Day Off"
2712,"Year of Living Dangerously"
2713,"Children of Paradise"
2714,"High Plains Drifter"
2715,"Hang 'em High"
2716,"Citizen's Band"
2717,"Drunken Master"
2718,"Conformist, The"
2719,"Hairspray"
2720,"Brief Encounter"
2721,"Razor's Edge, The"
2722,"Reds"
2723,"Return with Honor"
2724,"Time of the Gypsies"
2725,"Days of Heaven"
2726,"Fire Within, The"
2727,"Love Bewitched, A"
2728,"Lady Eve, The"
2729,"Sullivan's Travels"
2730,"Palm Beach Story, The"
2731,"Man Facing Southeast"
2732,"Niagara"
2733,"Gilda"
2734,"South Pacific"
2735,"Flashdance"
2736,"Indochine"
2737,"Dirty Dozen, The"
2738,"Mike's Murder"
2739,"Help!"
2740,"Goldfinger"
2741,"From Russia with Love"
2742,"Dr. No"
2743,"Blue Lagoon, The"
2744,"Fistful of Dollars, A"
2745,"Hard 8"
2746,"Home Alone 2: Lost in New York"
2747,"Penitentiary II"
2748,"Someone to Watch Over Me"
2749,"Fight Club"
2750,"Beefcake"
2751,"Story of Us, The"
2752,"Fever Pitch"
2753,"Joe the King"
2754,"Julien Donkey-Boy"
2755,"Omega Code, The"
2756,"Straight Story, The"
2757,"Bad Seed, The"
2758,"Time Bandits"
2759,"Man and a Woman, A"
2760,"Fitzcarraldo"
2761,"All That Jazz"
2762,"Red Sorghum"
2763,"Crimes and Misdemeanors"
2764,"Bats"
2765,"Best Man, The"
2766,"Bringing Out the Dead"
2767,"Crazy in Alabama"
2768,"Three to Tango"
2769,"Body Shots"
2770,"Brother, Can You Spare a Dime?"
2771,"Guardian, The"
2772,"Ipcress File, The"
2773,"On Any Sunday"
2774,"Robocop"
2775,"Robocop 2"
2776,"Who Framed Roger Rabbit?"
2777,"Melvin and Howard"
2778,"For Your Eyes Only"
2779,"Licence to Kill"
2780,"Live and Let Die"
2781,"Rawhead Rex"
2782,"Thunderball"
2783,"City, The"
2784,"House on Haunted Hill, The"
2785,"Music of the Heart"
2786,"Being John Malkovich"
2787,"Dreaming of Joseph Lees"
2788,"Man of the Century"
2789,"Princess Mononoke, The"
2790,"Suburbans, The"
2791,"My Best Fiend"
2792,"Train of Life"
2793,"Bachelor, The"
2794,"Bone Collector, The"
2795,"Insider, The"
2796,"American Movie"
2797,"Last Night"
2798,"Rosetta"
2799,"They Shoot Horses, Don't They?"
2800,"Battling Butler"
2801,"Bride of Re-Animator"
2802,"Bustin' Loose"
2803,"Coma"
2804,"Creepshow"
2805,"Creepshow 2"
2806,"Re-Animator"
2807,"Drugstore Cowboy"
2808,"Falling Down"
2809,"Funhouse, The"
2810,"General, The"
2811,"Piranha"
2812,"Rough Night in Jericho"
2813,"Slaughterhouse"
2814,"Slaughterhouse 2"
2815,"Taming of the Shrew, The"
2816,"Nighthawks"
2817,"Yojimbo"
2818,"Repossessed"
2819,"Omega Man, The"
2820,"Spaceballs"
2821,"Robin Hood"
2822,"Mister Roberts"
2823,"Quest for Fire"
2824,"Little Big Man"
2825,"Face in the Crowd, A"
2826,"Trading Places"
2827,"Meatballs"
2828,"Meatballs Part II"
2829,"Meatballs III"
2830,"Meatballs 4"
2831,"Dead Again"
2832,"Peter's Friends"
2833,"Incredibly True Adventure of Two Girls in Love, The"
2834,"Experience Preferred... But Not Essential"
2835,"Under the Rainbow"
2836,"How I Won the War"
2837,"Light It Up"
2838,"Anywhere But Here"
2839,"Dogma"
2840,"Messenger: The Story of Joan of Arc, The"
2841,"PokÃ©mon: The First Movie"
2842,"Felicia's Journey"
2843,"Oxygen"
2844,"Where's Marlowe?"
2845,"Ape, The"
2846,"Commitments, The"
2847,"Holiday Inn"
2848,"Longest Day, The"
2849,"Poison Ivy"
2850,"Poison Ivy: New Seduction"
2851,"Ten Benny"
2852,"Tora! Tora! Tora!"
2853,"Women on the Verge of a Nervous Breakdown"
2854,"Verdict, The"
2855,"Effect of Gamma Rays on Man-in-the-Moon Marigolds, The"
2856,"Adventures of Buckaroo Bonzai Across the 8th Dimension, The"
2857,"Stand and Deliver"
2858,"Moonstruck"
2859,"Sandpiper, The"
2860,"Jeremiah Johnson"
2861,"Repulsion"
2862,"Irma la Douce"
2863,"42 Up"
2864,"Liberty Heights"
2865,"Mansfield Park"
2866,"Sleepy Hollow"
2867,"World Is Not Enough, The"
2868,"All About My Mother"
2869,"Home Page"
2870,"Living Dead Girl, The"
2871,"March of the Wooden Soldiers"
2872,"Scrooged"
2873,"Harvey"
2874,"Bicycle Thief, The"
2875,"Matewan"
2876,"Kagemusha"
2877,"Chushingura"
2878,"McCabe & Mrs. Miller"
2879,"Maurice"
2880,"Grapes of Wrath, The"
2881,"My Man Godfrey"
2882,"Shop Around the Corner, The"
2883,"Natural, The"
2884,"Shampoo"
2885,"River Runs Through It, A"
2886,"Fatal Attraction"
2887,"Jagged Edge"
2888,"Stanley & Iris"
2889,"Midnight Run"
2890,"Awakenings"
2891,"Come See the Paradise"
2892,"Backdraft"
2893,"Fisher King, The"
2894,"River, The"
2895,"Country"
2896,"Places in the Heart"
2897,"'Night Mother"
2898,"End of Days"
2899,"Toy Story 2"
2900,"Flawless"
2901,"Miss Julie"
2902,"Ride with the Devil"
2903,"Tumbleweeds"
2904,"Bay of Blood"
2905,"Distinguished Gentleman, The"
2906,"Hitch-Hiker, The"
2907,"Santa Fe Trail"
2908,"Spring Fever USA"
2909,"Agnes Browne"
2910,"End of the Affair, The"
2911,"End of the Affair, The"
2912,"Holy Smoke"
2913,"Map of the World, A"
2914,"Sweet and Lowdown"
2915,"Bonfire of the Vanities"
2916,"Broadway Damage"
2917,"Daddy Long Legs"
2918,"Go West"
2919,"Grand Illusion"
2920,"Great Santini, The"
2921,"James Dean Story, The"
2922,"Sea Wolves, The"
2923,"Stealing Home"
2924,"Tarzan the Fearless"
2925,"Three Ages, The"
2926,"Two Jakes, The"
2927,"U2: Rattle and Hum"
2928,"Hell in the Pacific"
2929,"Glass Bottom Boat, The"
2930,"Cradle Will Rock, The"
2931,"Deuce Bigalow: Male Gigolo"
2932,"Green Mile, The"
2933,"Cider House Rules, The"
2934,"Diamonds"
2935,"War Zone, The"
2936,"Bat Whispers, The"
2937,"Last Picture Show, The"
2938,"7th Voyage of Sinbad, The"
2939,"Blood on the Sun"
2940,"Anna and the King"
2941,"Bicentennial Man"
2942,"Stuart Little"
2943,"Emperor and the Assassin, The"
2944,"Fantasia 2000"
2945,"Magnolia"
2946,"Onegin"
2947,"Simpatico"
2948,"Topsy-Turvy"
2949,"Alley Cats, The"
2950,"Boiling Point"
2951,"Brenda Starr"
2952,"Carnal Knowledge"
2953,"Easy Rider"
2954,"Falcon and the Snowman, The"
2955,"Room at the Top"
2956,"Ulysses"
2957,"Any Given Sunday"
2958,"Man on the Moon"
2959,"Galaxy Quest"
2960,"Talented Mr. Ripley, The"
2961,"Next Friday"
2962,"Hurricane, The"
2963,"Angela's Ashes"
2964,"Play it to the Bone"
2965,"Titus"
2966,"Mr. Death: The Rise and Fall of Fred A. Leuchter Jr."
2967,"Third Miracle, The"
2968,"Montana"
2969,"Snow Falling on Cedars"
2970,"Girl, Interrupted"
2971,"Trans"
2972,"Life and Times of Hank Greenberg, The"
2973,"My Dog Skip"
2974,"Supernova"
2975,"Terrorist, The"
2976,"Way We Were, The"
2977,"Stalag 17"
2978,"Presidio, The"
2979,"Papillon"
2980,"Pal Joey"
2981,"Last Detail, The"
2982,"Five Easy Pieces"
2983,"Even Dwarfs Started Small"
2984,"Dead Calm"
2985,"Boys from Brazil, The"
2986,"Black Sunday"
2987,"Against All Odds"
2988,"Snows of Kilimanjaro, The"
2989,"Loaded Weapon 1"
2990,"Loves of Carmen, The"
2991,"Fast Times at Ridgemont High"
2992,"Cry in the Dark, A"
2993,"Born to Win"
2994,"Batman: Mask of the Phantasm"
2995,"American Flyers"
2996,"Voyage of the Damned"
2997,"Vampyros Lesbos"
2998,"Star Is Born, A"
2999,"Poison"
3000,"Pacific Heights"
3001,"Night Tide"
3002,"Draughtsman's Contract, The"
3003,"Carmen"
3004,"Zed & Two Noughts, A"
3005,"Woman in the Dunes"
3006,"Down to You"
3007,"Wirey Spindell"
3008,"Another Man's Poison"
3009,"Odessa File, The"
3010,"Seven Chances"
3011,"Smashing Time"
3012,"Where the Buffalo Roam"
3013,"Zachariah"
3014,"Kestrel's Eye"
3015,"Eye of the Beholder"
3016,"Isn't She Great?"
3017,"Big Tease, The"
3018,"Cup, The"
3019,"Santitos"
3020,"Encino Man"
3021,"Goodbye Girl, The"
3022,"I Am Cuba"
3023,"Malcolm X"
3024,"Sister Act"
3025,"Sister Act 2: Back in the Habit"
3026,"Hand That Rocks the Cradle, The"
3027,"Alive"
3028,"Agnes of God"
3029,"Scent of a Woman"
3030,"Wayne's World"
3031,"Wayne's World 2"
3032,"League of Their Own, A"
3033,"Patriot Games"
3034,"Bodyguard, The"
3035,"Death Becomes Her"
3036,"Far and Away"
3037,"Howards End"
3038,"Singles"
3039,"Twin Peaks: Fire Walk with Me"
3040,"White Men Can't Jump"
3041,"Buffy the Vampire Slayer"
3042,"Hard-Boiled"
3043,"Man Bites Dog"
3044,"Mariachi, El"
3045,"Stop! Or My Mom Will Shoot"
3046,"Forever Young"
3047,"Cutting Edge, The"
3048,"Of Mice and Men"
3049,"Bad Lieutenant"
3050,"Scream 3"
3051,"Single White Female"
3052,"Boondock Saints, The"
3053,"Gun Shy"
3054,"Beloved/Friend"
3055,"Baby, The"
3056,"Brandon Teena Story, The"
3057,"Different for Girls"
3058,"Minnie and Moskowitz"
3059,"They Might Be Giants"
3060,"Beach, The"
3061,"Snow Day"
3062,"Tigger Movie, The"
3063,"Cotton Mary"
3064,"Not One Less"
3065,"Soft Toilet Seats"
3066,"Trois"
3067,"Big Combo, The"
3068,"Conceiving Ada"
3069,"Eaten Alive"
3070,"Raining Stones"
3071,"To Sir with Love"
3072,"With Byrd at the South Pole"
3073,"Boiler Room"
3074,"Hanging Up"
3075,"Pitch Black"
3076,"Whole Nine Yards, The"
3077,"Beautiful People"
3078,"Black Tar Heroin: The Dark End of the Street"
3079,"Blue Collar"
3080,"Bluebeard"
3081,"Circus, The"
3082,"City Lights"
3083,"Flamingo Kid, The"
3084,"Dog's Life, A"
3085,"Kid, The"
3086,"Man from Laramie, The"
3087,"McCullochs, The"
3088,"Class Reunion"
3089,"Big Trees, The"
3090,"Happy Go Lovely"
3091,"Reindeer Games"
3092,"Wonder Boys"
3093,"Deterrence"
3094,"Judy Berlin"
3095,"Mifune"
3096,"Waiting Game, The"
3097,"3 Strikes"
3098,"Chain of Fools"
3099,"Drowning Mona"
3100,"Next Best Thing, The"
3101,"What Planet Are You From?"
3102,"Beyond the Mat"
3103,"Ghost Dog: The Way of the Samurai"
3104,"Year My Voice Broke, The"
3105,"Splendor in the Grass"
3106,"My Tutor"
3107,"Killing of Sister George, The"
3108,"Key Largo"
3109,"Jail Bait"
3110,"It Happened Here"
3111,"I'll Never Forget What's 'is Name"
3112,"For All Mankind"
3113,"Cross of Iron"
3114,"Bride of the Monster"
3115,"Born Yesterday"
3116,"Birdy"
3117,"And God Created Woman"
3118,"Blood Feast"
3119,"Charlie, the Lonesome Cougar"
3120,"Color Me Blood Red"
3121,"Never Cry Wolf"
3122,"Perils of Pauline, The"
3123,"Raisin in the Sun, A"
3124,"Two Thousand Maniacs!"
3125,"Brown's Requiem"
3126,"Closer You Get, The"
3127,"Mission to Mars"
3128,"Ninth Gate, The"
3129,"East-West"
3130,"Defending Your Life"
3131,"Breaking Away"
3132,"Hoosiers"
3133,"Bull Durham"
3134,"Dog Day Afternoon"
3135,"American Graffiti"
3136,"Asphalt Jungle, The"
3137,"Searchers, The"
3138,"Where Eagles Dare"
3139,"Devil's Brigade, The"
3140,"Big Country, The"
3141,"Betrayed"
3142,"Bound for Glory"
3143,"Bridge at Remagen, The"
3144,"Buck and the Preacher"
3145,"Daughters of the Dust"
3146,"Destination Moon"
3147,"Fantastic Night, The"
3148,"Hangmen Also Die"
3149,"Ogre, The"
3150,"On the Beach"
3151,"Railroaded!"
3152,"Slaves to the Underground"
3153,"Song of Freedom"
3154,"Taking of Pelham One Two Three, The"
3155,"Volunteers"
3156,"JFK"
3157,"Who's Harry Crumb?"
3158,"Harry and the Hendersons"
3159,"Let's Get Harry"
3160,"Shanghai Surprise"
3161,"Who's That Girl?"
3162,"She-Devil"
3163,"Date with an Angel"
3164,"Blind Date"
3165,"Nadine"
3166,"Muppet Movie, The"
3167,"Great Muppet Caper, The"
3168,"Muppets Take Manhattan, The"
3169,"Sesame Street Presents Follow That Bird"
3170,"We're Back! A Dinosaur's Story"
3171,"Baby... Secret of the Lost Legend"
3172,"Turtle Diary"
3173,"Raise the Titanic"
3174,"Titanic"
3175,"Night to Remember, A"
3176,"Captain Horatio Hornblower"
3177,"Carriers Are Waiting, The"
3178,"Erin Brockovich"
3179,"Final Destination"
3180,"Soft Fruit"
3181,"Bear, The"
3182,"Impact"
3183,"Love Is a Many-Splendored Thing"
3184,"Mirror, The"
3185,"Trial, The"
3186,"Crimson Pirate, The"
3187,"Thelma & Louise"
3188,"Something for Everyone"
3189,"...And Justice for All"
3190,"Animal House"
3191,"She's Gotta Have It"
3192,"School Daze"
3193,"Do the Right Thing"
3194,"Mo' Better Blues"
3195,"Jungle Fever"
3196,"Coogan's Bluff"
3197,"Champ, The"
3198,"Creature Comforts"
3199,"Death Wish"
3200,"Death Wish II"
3201,"Death Wish 3"
3202,"Death Wish 4: The Crackdown"
3203,"Death Wish V: The Face of Death"
3204,"Double Indemnity"
3205,"Dying Young"
3206,"Cool as Ice"
3207,"Teenage Mutant Ninja Turtles"
3208,"Teenage Mutant Ninja Turtles II: The Secret of the Ooze"
3209,"Teenage Mutant Ninja Turtles III"
3210,"Red Dawn"
3211,"Band of the Hand"
3212,"Born American"
3213,"Bloodsport"
3214,"Eyes of Laura Mars"
3215,"Funny Bones"
3216,"Good Earth, The"
3217,"Good Morning, Vietnam"
3218,"Good Mother, The"
3219,"Grumpy Old Men"
3220,"Guess Who's Coming to Dinner"
3221,"Romeo Must Die"
3222,"Here on Earth"
3223,"Whatever It Takes"
3224,"Color of Paradise, The"
3225,"Waking the Dead"
3226,"Blood and Sand"
3227,"Gothic"
3228,"Hillbillys in a Haunted House"
3229,"Lord of the Flies"
3230,"Modern Times"
3231,"Last Resort"
3232,"Solar Crisis"
3233,"That's Life!"
3234,"Heart and Souls"
3235,"Hud"
3236,"Hustler, The"
3237,"Inherit the Wind"
3238,"Dersu Uzala"
3239,"Close Encounters of the Third Kind"
3240,"Horror Hotel"
3241,"Jonah Who Will Be 25 in the Year 2000"
3242,"Retroactive"
3243,"Place in the Sun, A"
3244,"Jacob's Ladder"
3245,"Empire Records"
3246,"Bamba, La"
3247,"Ladyhawke"
3248,"Lucas"
3249,"High Fidelity"
3250,"Price of Glory"
3251,"Road to El Dorado, The"
3252,"Skulls, The"
3253,"Autopsy"
3254,"Devil Girl From Mars"
3255,"Dorado, El"
3256,"Hideous Sun Demon, The"
3257,"Hook"
3258,"Horror Express"
3259,"My Chauffeur"
3260,"Son of the Sheik, The"
3261,"Torso"
3262,"True Grit"
3263,"Roadside Prophets"
3264,"Madame Sousatzka"
3265,"Max Dugan Returns"
3266,"Midnight Express"
3267,"Misery"
3268,"Mr. Saturday Night"
3269,"Murphy's Romance"
3270,"My Life"
3271,"Solaris"
3272,"Network"
3273,"No Way Out"
3274,"North Dallas Forty"
3275,"Odd Couple, The"
3276,"Outlaw Josey Wales, The"
3277,"Black and White"
3278,"Frequency"
3279,"Ready to Rumble"
3280,"Return to Me"
3281,"Rules of Engagement"
3282,"Joe Gould's Secret"
3283,"Me Myself I"
3284,"Bell, Book and Candle"
3285,"Bells, The"
3286,"End of Violence, The"
3287,"Force 10 from Navarone"
3288,"How to Stuff a Wild Bikini"
3289,"Mystery Train"
3290,"Sacco and Vanzetti"
3291,"Taffin"
3292,"Arthur"
3293,"Bachelor Party"
3294,"Parenthood"
3295,"Predator"
3296,"Prince of Tides, The"
3297,"Postman Always Rings Twice, The"
3298,"Smoking/No Smoking"
3299,"All the Vermeers in New York"
3300,"Freedom for Us"
3301,"Actor's Revenge, An"
3302,"28 Days"
3303,"American Psycho"
3304,"Keeping the Faith"
3305,"Where the Money Is"
3306,"East is East"
3307,"Filth and the Fury, The"
3308,"Passion of Mind"
3309,"Coming Apart"
3310,"Diner"
3311,"Shakes the Clown"
3312,"Cabaret"
3313,"What Ever Happened to Baby Jane?"
3314,"Prick Up Your Ears"
3315,"Auntie Mame"
3316,"Guys and Dolls"
3317,"Hunger, The"
3318,"Marathon Man"
3319,"Caddyshack"
3320,"Gossip"
3321,"Love and Basketball"
3322,"U-571"
3323,"Virgin Suicides, The"
3324,"Jennifer 8"
3325,"Limelight"
3326,"Committed"
3327,"Crow: Salvation, The"
3328,"Flintstones in Viva Rock Vegas, The"
3329,"Where the Heart Is"
3330,"Big Kahuna, The"
3331,"Bossa Nova"
3332,"Smiling Fish and Goat on Fire"
3333,"Idiots, The"
3334,"Last September, The"
3335,"Time Code"
3336,"Carnosaur"
3337,"Carnosaur 2"
3338,"Carnosaur 3: Primal Species"
3339,"Defying Gravity"
3340,"Hidden, The"
3341,"Two Moon Juction"
3342,"Gladiator"
3343,"I Dreamed of Africa"
3344,"Up at the Villa"
3345,"Human Traffic"
3346,"Breathless"
3347,"Great Locomotive Chase, The"
3348,"Idolmaker, The"
3349,"Inferno"
3350,"King of Marvin Gardens, The"
3351,"Lords of Flatbush, The"
3352,"Mr. Mom"
3353,"Time Masters"
3354,"Battlefield Earth"
3355,"Center Stage"
3356,"Held Up"
3357,"Screwed"
3358,"Whipped"
3359,"Hamlet"
3360,"Anchors Aweigh"
3361,"Blue Hawaii"
3362,"Castaway Cowboy, The"
3363,"G. I. Blues"
3364,"Gay Deceivers, The"
3365,"Gypsy"
3366,"King Creole"
3367,"On the Town"
3368,"One Little Indian"
3369,"Pee-wee's Big Adventure"
3370,"Regret to Inform"
3371,"Roustabout"
3372,"Saludos Amigos"
3373,"Slipper and the Rose, The"
3374,"Things Change"
3375,"Honeymoon in Vegas"
3376,"Dinosaur"
3377,"Loser"
3378,"Road Trip"
3379,"Small Time Crooks"
3380,"Hollywood Knights, The"
3381,"Myth of Fingerprints, The"
3382,"Possession"
3383,"Twelve Chairs, The"
3384,"Mission: Impossible 2"
3385,"Shanghai Noon"
3386,"Better Living Through Circuitry"
3387,"8 1/2 Women"
3388,"Carnival of Souls"
3389,"Flying Tigers"
3390,"Gold Rush, The"
3391,"It's in the Water"
3392,"Monsieur Verdoux"
3393,"On Her Majesty's Secret Service"
3394,"Seven Days in May"
3395,"Spy Who Loved Me, The"
3396,"Those Who Love Me Can Take the Train"
3397,"Vagabond"
3398,"Moonraker"
3399,"Man with the Golden Gun, The"
3400,"King in New York, A"
3401,"Woman of Paris, A"
3402,"In Old California"
3403,"Fighting Seabees, The"
3404,"Dark Command"
3405,"Cleo From 5 to 7"
3406,"Big Momma's House"
3407,"Running Free"
3408,"Abominable Snowman, The"
3409,"American Gigolo"
3410,"Blood Spattered Bride, The"
3411,"City of the Living Dead"
3412,"Endless Summer, The"
3413,"Guns of Navarone, The"
3414,"Blow-Out"
3415,"Lured"
3416,"Pandora and the Flying Dutchman"
3417,"Quatermass and the Pit"
3418,"Quatermass II"
3419,"Puppet Master"
3420,"Puppet Master II"
3421,"Puppet Master III: Toulon's Revenge"
3422,"Puppet Master 4"
3423,"Puppet Master 5: The Final Chapter"
3424,"Curse of the Puppet Master"
3425,"Retro Puppetmaster"
3426,"Rent-A-Cop"
3427,"Romeo and Juliet"
3428,"Stay Tuned"
3429,"Story of G.I. Joe, The"
3430,"Blazing Saddles"
3431,"Benji"
3432,"Benji the Hunted"
3433,"For the Love of Benji"
3434,"White Christmas"
3435,"Eraserhead"
3436,"Baraka"
3437,"Man with the Golden Arm, The"
3438,"Decline of Western Civilization, The"
3439,"Decline of Western Civilization Part II: The Metal Years, The"
3440,"For a Few Dollars More"
3441,"Magnum Force"
3442,"Blood Simple"
3443,"Fabulous Baker Boys, The"
3444,"Prizzi's Honor"
3445,"Flatliners"
3446,"Light Years"
3447,"Porky's"
3448,"Porky's II: The Next Day"
3449,"Porky's Revenge"
3450,"Private School"
3451,"Class of Nuke 'Em High"
3452,"Toxic Avenger, The"
3453,"Toxic Avenger, Part II, The"
3454,"Toxic Avenger Part III: The Last Temptation of Toxie, The"
3455,"Night of the Creeps"
3456,"Predator 2"
3457,"Running Man, The"
3458,"Starman"
3459,"Brother from Another Planet, The"
3460,"Alien Nation"
3461,"Mad Max"
3462,"Mad Max 2"
3463,"Mad Max Beyond Thunderdome"
3464,"Bird on a Wire"
3465,"Angel Heart"
3466,"Nine 1/2 Weeks"
3467,"Firestarter"
3468,"Sleepwalkers"
3469,"Action Jackson"
3470,"Sarafina!"
3471,"Soapdish"
3472,"Long Walk Home, The"
3473,"Clara's Heart"
3474,"Burglar"
3475,"Fatal Beauty"
3476,"Gone in 60 Seconds"
3477,"American Pimp"
3478,"Love's Labour's Lost"
3479,"Sunshine"
3480,"Trixie"
3481,"Live Virgin"
3482,"Hamlet"
3483,"Coming Home"
3484,"American Pop"
3485,"Assault on Precinct 13"
3486,"Near Dark"
3487,"One False Move"
3488,"Shaft"
3489,"Conversation, The"
3490,"Cutter's Way"
3491,"Fury, The"
3492,"Paper Chase, The"
3493,"Prince of the City"
3494,"Serpico"
3495,"Big Carnival, The"
3496,"Lonely Are the Brave"
3497,"Sugarland Express, The"
3498,"Trouble in Paradise"
3499,"Big Trouble in Little China"
3500,"Badlands"
3501,"Battleship Potemkin, The"
3502,"Boys and Girls"
3503,"Shaft"
3504,"Titan A.E."
3505,"Butterfly"
3506,"Jesus' Son"
3507,"Match, The"
3508,"Time Regained"
3509,"Chicken Run"
3510,"Me, Myself and Irene"
3511,"Patriot, The"
3512,"Adventures of Rocky and Bullwinkle, The"
3513,"Perfect Storm, The"
3514,"Golden Bowl, The"
3515,"Asylum"
3516,"Communion"
3517,"Fun and Fancy Free"
3518,"Kentucky Fried Movie, The"
3519,"Blood In, Blood Out"
3520,"Daughter of Dr. Jeckyll"
3521,"F/X"
3522,"F/X 2"
3523,"Hot Spot, The"
3524,"Missing in Action"
3525,"Missing in Action 2: The Beginning"
3526,"Braddock: Missing in Action III"
3527,"Thunderbolt and Lightfoot"
3528,"Dreamscape"
3529,"Golden Voyage of Sinbad, The"
3530,"Hatchet For the Honeymoon"
3531,"House Party"
3532,"House Party 2"
3533,"Make Mine Music"
3534,"Melody Time"
3535,"Nekromantik"
3536,"On Our Merry Way"
3537,"Project Moon Base"
3538,"Rocketship X-M"
3539,"Shaft in Africa"
3540,"Shaft's Big Score!"
3541,"Croupier"
3542,"Kid, The"
3543,"Scary Movie"
3544,"But I'm a Cheerleader"
3545,"Shower"
3546,"Blowup"
3547,"Pawnbroker, The"
3548,"Groove"
3549,"Footloose"
3550,"Duel in the Sun"
3551,"X-Men"
3552,"Chuck & Buck"
3553,"Five Senses, The"
3554,"Wisdom of Crocodiles, The"
3555,"In Crowd, The"
3556,"What Lies Beneath"
3557,"PokÃ©mon the Movie 2000"
3558,"Criminal Lovers"
3559,"Anatomy of a Murder"
3560,"Freejack"
3561,"Greaser's Palace"
3562,"H.O.T.S."
3563,"Knightriders"
3564,"MacKenna's Gold"
3565,"Sinbad and the Eye of the Tiger"
3566,"Two Women"
3567,"What About Bob?"
3568,"White Sands"
3569,"Breaker Morant"
3570,"Everything You Always Wanted to Know About Sex"
3571,"Interiors"
3572,"Love and Death"
3573,"Official Story, The"
3574,"Other Side of Sunday, The"
3575,"Pot O' Gold"
3576,"Tampopo"
3577,"Thomas and the Magic Railroad"
3578,"Nutty Professor II: The Klumps"
3579,"Girl on the Bridge, The"
3580,"Wonderland"
3581,"Autumn in New York"
3582,"Coyote Ugly"
3583,"Hollow Man"
3584,"Space Cowboys"
3585,"Better Living"
3586,"Psycho Beach Party"
3587,"Saving Grace"
3588,"Black Sabbath"
3589,"Brain That Wouldn't Die, The"
3590,"Bronco Billy"
3591,"Crush, The"
3592,"Kelly's Heroes"
3593,"Phantasm II"
3594,"Phantasm III: Lord of the Dead"
3595,"Phantasm IV: Oblivion"
3596,"Pumpkinhead"
3597,"Air America"
3598,"Make Them Die Slowly"
3599,"Sleepaway Camp"
3600,"Steel Magnolias"
3601,"And God Created Woman"
3602,"Easy Money"
3603,"Ilsa, She Wolf of the SS"
3604,"Silent Fall"
3605,"Spiral Staircase, The"
3606,"Whatever Happened to Aunt Alice?"
3607,"I'm the One That I Want"
3608,"Tao of Steve, The"
3609,"Tic Code, The"
3610,"AimÃ©e & Jaguar"
3611,"Affair of Love, An"
3612,"Bless the Child"
3613,"Cecil B. Demented"
3614,"Eyes of Tammy Faye, The"
3615,"Opportunists, The"
3616,"Replacements, The"
3617,"About Adam"
3618,"Cell, The"
3619,"Godzilla 2000"
3620,"Original Kings of Comedy, The"
3621,"Sunset Strip"
3622,"All the Rage"
3623,"Naked Gun: From the Files of Police Squad!, The"
3624,"Naked Gun 2 1/2: The Smell of Fear, The"
3625,"Our Town"
3626,"Shane"
3627,"Suddenly, Last Summer"
3628,"Cat Ballou"
3629,"Couch in New York, A"
3630,"Devil Rides Out, The"
3631,"Jerry & Tom"
3632,"Supergirl"
3633,"X: The Unknown"
3634,"Art of War, The"
3635,"Ballad of Ramblin' Jack, The"
3636,"Bittersweet Motel"
3637,"Bring It On"
3638,"Catfish in Black Bean Sauce"
3639,"Crew, The"
3640,"Love & Sex"
3641,"Steal This Movie!"
3642,"Went to Coney Island on a Mission From God... Be Back by Five"
3643,"Skipped Parts"
3644,"Highlander: Endgame"
3645,"Back Stage"
3646,"Turn It Up"
3647,"Anatomy"
3648,"Nurse Betty"
3649,"Solas"
3650,"Watcher, The"
3651,"Way of the Gun, The"
3652,"Almost Famous"
3653,"Bait"
3654,"Circus"
3655,"Crime and Punishment in Suburbia"
3656,"Duets"
3657,"Goya in Bordeaux"
3658,"Urbania"
3659,"Uninvited Guest, An"
3660,"Specials, The"
3661,"Under Suspicion"
3662,"Urban Legends: Final Cut"
3663,"Woman on Top"
3664,"Dancer in the Dark"
3665,"Best in Show"
3666,"Beautiful"
3667,"Barenaked in America"
3668,"Broken Hearts Club, The"
3669,"Girlfight"
3670,"Remember the Titans"
3671,"Hellraiser"
3672,"Hellbound: Hellraiser II"
3673,"Hellraiser III: Hell on Earth"
3674,"Faraway, So Close"
3675,"Beach Party"
3676,"Bikini Beach"
3677,"Return of the Fly"
3678,"Pajama Party"
3679,"Stranger Than Paradise"
3680,"Voyage to the Bottom of the Sea"
3681,"Fantastic Voyage"
3682,"Abbott and Costello Meet Frankenstein"
3683,"Bank Dick, The"
3684,"Creature From the Black Lagoon, The"
3685,"Giant Gila Monster, The"
3686,"Invisible Man, The"
3687,"Killer Shrews, The"
3688,"Kronos"
3689,"Kronos"
3690,"Phantom of the Opera, The"
3691,"Runaway"
3692,"Slumber Party Massacre, The"
3693,"Slumber Party Massacre II, The"
3694,"Slumber Party Massacre III, The"
3695,"Sorority House Massacre"
3696,"Sorority House Massacre II"
3697,"Bamboozled"
3698,"Bootmen"
3699,"Digimon: The Movie"
3700,"Get Carter"
3701,"Get Carter"
3702,"Meet the Parents"
3703,"Requiem for a Dream"
3704,"Tigerland"
3705,"Two Family House"
3706,"Contender, The"
